Ref,Produit,PU
1000000039306,ACCES STEAM FORCE 2000W 30G,14550
1000000042191,ASPIRATEUR BALAIS S/F MULTISMART VC3012,20160
1000000042214,ASPIRATEUR MULTISMART MS-VC4211,13110
1000000042207,ASPIRATEUR NARDI BALAI NAS 55B10 550W,35800
1000000039313,ASPIRATEUR ROUWENTA,49200
1000000034813,Abricot sec KINGAPRICOT - Vrac,2500
6134673000860,Accroche balais FABRO,180
6132503465483,Adoucissant pour linge DORILFLOR -1L,235
1000000039245,Air Frayer MOULINEX 4.2L N°65,36950
1000000017557,Air cooler GEANT 7L - GESWT1BFKY,36720
1000000017564,Air cooler GEANT mobile - GNMRAW3G,2876.4
7868822366000,Allumette KHYBER 10P,210
6132524250068,Alluminium pour Cuisinière ORIBER 60X90,135
1000000038361,Amande NUTS ALWAFY 30g,75
1000000038378,Amande NUTS ALWAFY 70g,215
1000000038354,Amande NUTS EL-YOUM 1Kg,2100
1000000038385,Amande en coque NUTS ALWAFY 100g,215
1000000038491,Amande en coque NUTS EL-YOUM 1Kg,1600
1000000038507,Amande en coque NUTS EL-YOUM 3Kg,4500
1000000008579,Amande blanc - vrac,2480
1000000027853,Amande rouge - vrac,2550
1000000014860,Amande salée - vrac,2650
6134766000289,Amande sans sel EL-HEKMA 1kg,1800
6008155000795,Amila poudre 35g,36
8857122685187,Ananas en tranche BELLA MARIA 565g,305
8850099187746,Ananas en tranche DYLIA 565g,330
8858951909444,Ananas en tranche GOLDEN LAND 850g,520
8859325781567,Ananas en tranche GOOD STAR 565g,320
1000000037821,Ananas en tranche MIAMIA 565g,420
6136542001176,Ananas en tranche VITER 220g,500
6136542000995,Ananas en tranche VITER 400g,390
1000000027839,Ananas séchés - vrac,1880
6135053001316,Anti Cafard KLASH MAX - 400 ml,185
6135053001347,Anti Cafard et Fourmis KLASH MAX - 500ml,370
6132502670055,Anti-calcaire MA SAFYNET - 375g,385
6132502670130,Anti-calcaire canalisation SAFYNET 375g,395
6132502270958,Applicateur de cire naturelle PALC 75ml,150
6135259000427,Après Shampoing DAHLIA 200ml,190
8690572794630,Après shampoing GLISS 360ml,430
6935023171014,Aquarelle 16 couleurs TECHNO Ref 7101,330
6935023177047,Aquarelle bubbles colors 08c TECHNO Réf. 7704,250
6935023171007,Aquarelle bubbles colors 12c TECHNO Réf. 7100,275
1000000028430,Arachide blanc - vrac,425
1000000012989,Arachide efillé - vrac,680
1000000028676,Arachide rouge - vrac,350
6135279720336,Ardoise double face KALAM - 3875,183.6
6132004798028,Ardoise double face TECHNO - 9802,250
6132004792187,Ardoise double face noir et blanc TECHNO - 9218,135
6132004796840,Ardoise magnetique TECHNO GF - 9684,330
6132004797960,Ardoise magnétique TECHNO 20xcm D/Face - 9796,275
1000000018257,Ardoise noire,50
6132139500077,Arôme FAROMAL 60ml,55
6132130305553,Arôme YASMINE D'OR 15g - Vanille,15
6132130300119,Arôme YASMINE D'OR 60g - Vanille,30
1000000023145,Aspirateur ARCODYM,17500
1000000027570,Assiette jetable,195
6134259000130,Assiette jetable HADEF GM - x20,95
6132204500018,Assiette jetable PLAST D'OR GM - x20,160
6134413000259,Assila EL BARAKA 125g,110
6132507460040,Assila EL DJURDJURA 1Kg,170
6132507460064,Assila EL DJURDJURA 2Kg,330
6132507460019,Assila EL DJURDJURA 500g,100
6132500710272,Assila EL MORDJENE 1Kg,180
6132500710081,Assila EL MORDJENE 2Kg,330
6132500710098,Assila EL MORDJENE 3Kg,495
6132500710425,Assila EL MORDJENE 500g,100
6130234007583,Assila MEDINA 2kg,355
6130234007576,Assila MEDINA 1Kg,195.5
6130234007590,Assila MEDINA 3kg,560
6130234007569,Assila MEDINA 500g,95
6130234007606,Assila MEDINA 5kg,890
6132329300050,Assila NOUNOURS 1kg,170
6132329300043,Assila NOUNOURS 500g,95
6134598001775,Assouplissant de ling LIFE 1L,190
6134598008088,Assouplissant de linge LIFE 3L,610
1000000042221,BAIN HUILE MULTISMART 13 EL VENT OH2132,14210
1000000039191,BATEUR BOSCH MFQ2210D TURBO 375W,5170
1000000042238,BATEUR ELECT MULTISMART MS-HM1081 450W,3085
1000000043532,BATTEUR MULTISMART 200W HM4015,2430
1000000043556,BATTEUR MULTISMART 300W HM4035,2700
1000000042245,BLENDER MULTISMART 2en1 BD 2215,3745
1000000042252,BOULLOIR MULTISMART 2L MS-KT2011 1500W,2920
1000000043723,BOUTEILLE POUR FONTAINE FRAICHE,885
1000000042269,BRAS MIXEUR MULTISMART MS- HB2219,3470
1000000042276,BRAS MIXEUR MULTISMART 850W HB6011,5510
1000000043488,BRAS MIXEUR MUTLISMART HB2214,3250
1000000043495,BRAS MIXEUR MUTLISMART HB3203,3860
1000000043471,BRAS MIXEUR MUTLISMART 300W HB2111,1765
1000000043877,BRAS MIXEUR MUTLISMART 600W HB2110,2315
1000000043457,BRAS MIXEUR MUTLISMART 800W INOX HB2215,3250
1000000043464,BRAS MIXEUR MUTLISMART HB2105,2975
1000000039184,BRAS mixeur BOSH,10060
1000000026870,Bain d'huile CONDOR 11 éléments - CBHU3511,15250
1000000044355,Bain d'huile CONDOR 11 éléments - WQP11-24 F1N,15500
1000000033625,Bain d'huile CONDOR 13 éléments - WQP13-5201G,17200
1000000027471,Bain d'huile CRISTOR - 2511,9600
1000000026887,Bain d'huile CRISTOR 11 éléments - BHK3511,11785
1000000041637,Bain d'huile MULTISMART 13 éléments - OH1131,10700
1000000041583,Bain d'huile MULTISMART 13 éléments - OH2131,11600
1000000041590,Bain d'huile MULTISMART 13 éléments VENT - OH2132,14200
6132524450505,Baklawa ATLAL,190
6134673000082,Balai FABRO - FB400,260
6134673000211,Balai FABRO - FB500,280
6134673000068,Balai FABRO Gold,290
6134673000020,Balai FABRO lisse,190
6134673000099,Balai FABRO rugueu,180
6135271000511,Balai NOVA MEXIL,70
6135271000924,Balai VENISSIA,240
6135271000634,Balai magic STAR,200
6134673002215,Balai à frange FABRO,950
6926599006091,Balais BK - Fleurie,75
5815412123330,Balais BK - Mixile,70
6131760000031,Balais D'OR - Fleurie,120
6134673000181,Balais avec manche ART,460
6951202849321,Ballon gonflable TECHNO x10 - 4932,190
1000000021752,Barquette aluminium 1042cl,10.5
1000000021738,Barquette aluminium 1065cl,16
1000000021745,Barquette aluminium 1074cl,25
1000000021691,Barquette aluminium 1185cl,33.5
1000000021714,Barquette aluminium 1320cl,58.5
6956288663304,Batonnet de barbecue ALAKOUNDA,110
1000000033199,Batteur SILVER CREST,5500
1000000006292,Beurre ERRAEI - vrac,1780
1000000009309,Beurre FORTUNE - vrac,650
6134311000122,Beurre MILKINA 200g,350
6135038000013,Beurre RICHE-LAIT - 250g,580
1000000028942,Beurre de chèvre ELMARAA,2550
1000000036398,Beurre de vache ELASSIL 250g,420
1000000028935,Beurre de vache ELMARAA - vrac,1350
6134180220218,Beurre de vache GOYA x 500g,750
6132545850056,Beurre de vache LINA,1290
6132469800014,Bi-café GOLD 45g,408
1000000008432,Bicarbonate ANTAR 10gr,15
6132501540533,Biscuit AVANTAGE 300g,90
6135611000355,Biscuit AVIDO x3,100
6132501542964,Biscuit BESTO 220g,75
6132501543893,Biscuit BIFA spécial digestive (blé complet),45
6133414009803,Biscuit BISCUP,100
6131484000195,Biscuit BRILLANCE 35g,15
6132501540311,Biscuit BRINO,25
6130896000243,Biscuit BRIX 110g,30
6130896000205,Biscuit BRIX 30g,10
6130896000229,Biscuit BUENTO,25
6132501549048,Biscuit Barre ma mosaique,10
6130619003087,Biscuit CHERCHELL 85g,25
6133379000020,Biscuit CROQUET,25
6132175401598,Biscuit Celibrity au lait,45
6135931000516,Biscuit DAYS promo-3P,95
6132501549833,Biscuit DUNAROLL - Maxi,85
6130426001245,Biscuit EL WAFI - Digestif,40
6130426001252,Biscuit EL WAFI - New B,45
6133414003726,Biscuit Family MAXON x 10 380g,220
6133414006932,Biscuit HAPPY WAFER - Choco 30g,10
6132501543886,Biscuit MAXI 150g,45
6133414000428,Biscuit MAXON 110g - Gouter,45
6133414000435,Biscuit MAXON 220g - Gouter,90
6133414000343,Biscuit MAXON 330g - Gouter,135
6133414008547,Biscuit MAXON mon gouter 135g,45
6132501540700,Biscuit MOUIZ,15
6132501540410,Biscuit PALMA,15
6133414007625,Biscuit Petit Beurre MAXON 160g,55
6133414000084,Biscuit Petit Beurre MAXON 320g,105
6135611000102,Biscuit Prince NELLO GF,15
6135611000089,Biscuit Prince NELLO PF,10
6133414000176,Biscuit SABLITO 300g,105
6133414000183,Biscuit SABLITO 80g,35
6135611000362,Biscuit SANDY x3,100
6132501542476,Biscuit SUPER 100g,25
6132501542490,Biscuit SUPER 1Kg,230
6132501542483,Biscuit SUPER 400g,95
6132501541011,Biscuit TABAREK 150g,35
6133414000244,Biscuit TARTELETTE 300g,105
6133414000251,Biscuit TARTELETTE 80g,35
6133379000143,Biscuit TIGRE,25
6131484000065,Biscuit TOUAREG 35g,15
6132501540304,Biscuit TRINO,25
6130000000002,Biscuit d'or - vrac,680
6135611000348,Biscuit fourré BIDO x3,100
6130619003056,Biscuit fourré CHERCHELL PF - x5,100
6132501549116,Biscuit fourré CHOC-UP,25
6135931000639,Biscuit fourré DAYS,35
6135611000454,Biscuit fourré GOLI GF - Promo x3,100
6135611000010,Biscuit fourré GOLI PF - Promo x5,100
6135611000416,Biscuit fourré LORI PF - Promo x5,100
6133414001043,Biscuit fourré MAXON 110g,55
6133414001036,Biscuit fourré MAXON 180g,85
6135611000447,Biscuit fourré MICOS - Promo x3,100
6135611000195,Biscuit fourré MONBIS - Promo x4,100
6135611000096,Biscuit fourré NELLO GF - Promo x3,100
6135611000072,Biscuit fourré NELLO PF - Promo x3,100
6135611000614,Biscuit fourré OUMNIA,70
6130015061032,Biscuit fourré PESOS 200g,80
6132501549703,Biscuit fourré SANDWICH - TYMO,25
6133414008134,Biscuit gaufrette MAXON - Choco 30g,15
6130760003462,Boisson lacté CANDIA - CANDY CHOCO,40
6130760003455,Boisson lacté CANDIA - CANDY FRAISE,40
6130760003479,Boisson lacté CANDIA - CANDY VANILLE,40
6130760006760,Boisson lacté SOUMMAM - L'ALGEROISE 1L,110
6130760006730,Boisson lacté SOUMMAM - L'ALGEROISE 20cl,30
6130760003554,Boisson lactée Aladin Chocolat 100g,30
6132504870101,Boisson lactée SPEEDO - Choco 125ml,35
6132504870118,Boisson lactée SPEEDO - Fraise 125ml,35
1000000017120,Bol jetable; 1000000017120;15.00
6130760000454,Bonne et Double SOUMMAM,40
6130080000356,Bougie de gâteau - Chiffre 0,55
6130080000363,Bougie de gâteau - Chiffre 1,55
6130080000370,Bougie de gâteau - Chiffre 2,55
6130080000387,Bougie de gâteau - Chiffre 3,55
6130080000394,Bougie de gâteau - Chiffre 4,55
6130080000400,Bougie de gâteau - Chiffre 5,55
6130080000417,Bougie de gâteau - Chiffre 6,55
6130080000424,Bougie de gâteau - Chiffre 7,55
6130080000431,Bougie de gâteau - Chiffre 8,55
6130080000448,Bougie de gâteau - Chiffre 9,55
1000000039238,Bouilloire ARCODYM 2.2L; 1000000039238;2860
1000000033182,Bouilloire SILVER CREST; 1000000033182;4680
6131489000060,Bourak d'Alger EL AMINE PF - x10,135
1000000017519,BRAS MIXEUR GEANT inox GE-HBL2108,4651
1000000039184,BRAS mixeur BOSCH,10060
1000000037807,Brochettes bois jetable x 50,75
6130760006708,Buvable SOUMMAM 1L - Fraise,130
6130760006722,Buvable SOUMMAM 1L - Myrtille,130
6130760006715,Buvable SOUMMAM 1L - Panaché,130
6134371000087,Buvable SOUMMAM Mamzoudj - Fraise,25
6132501540151,CACAO AL BARAKA 100g - Noir,135
1000000008456,CACAO AL BARAKA 100g - marron,125
1000000031850,CADRE PHOTO; 1000000031850;635
6136265000173,Café Arabica en grain ESPOIR 250g,315
6136265000265,Café Arabica en grain ESPOIR 700g,850
6132469800038,Café Bi-Café GOLD en verre de 90gr,740
6133566000154,Café CAPS GENTLEMEN x10 en capsule,420
6130080004903,Café Espresso BOUKHARI - 60g en capsule,430
8445290906847,Café NESCAFE CLASIC en pot de 95gr,820
1000000009279,Café en grain Arabica - vrac,1280
6130711010044,Café en grain grillé 100% arabica sac de 3kg,1300
6130711010129,Café en grain grillé 100% robusta en vrac,1000
1000000038576,Café instantané CITY ONE pot 190Gr/12,995
1000000038583,Café instantané CITY ONE pot 45Gr/12,320
6132101000044,Café moulu AROMA - 250g,270
6130384000076,Café moulu BENYAMINA - 250g,275
6130454000029,Café moulu BONA - 250g,300
6130836000012,Café moulu BOUKHARI - 250g,260
6133566000055,Café moulu GENTLEMEN - 250g,285
6131433000014,Café moulu MANAR - 250g,255
6133519000019,Café moulu MAZAGRAN - 250g,280
6133873000052,Café moulu NESCAFE GOLD en pot de 200gr,2300
6131804000010,Café moulu ROBERTO - 250g,285
6133566000031,Café moulu TOP GENTLEMEN - 250g,325
6131341000016,Café moulu maza - 250g,230
6135279601369,Calculatrice TECHNO Ref 6013,425
6135279601567,Calculatrice TECHNO Ref 6015,1071
6135279601765,Calculatrice TECHNO Ref 6017,1430
6132004245034,Cahier 288p TECHNO - 4503,425
6132004245041,Cahier 388p TECHNO - 4504,520
6132004245010,Cahier 96p TECHNO - 4501,130
6130760005268,Camembert SOUMMAM,155
6130304002167,Camonix MEDINA 150g,105
6130304002174,Camonix MEDINA 250g,155
6132524450116,Canapé ATLAL - PF,135
6132501300021,Canapé EL BARAKA - PF,135
6132501300014,Canapé EL BARAKA - x12,250
1000000032642,Canape aux Amandes; 1000000032642;165
6130351000498,Couscous SIM 1kg,155
6130351001464,Couscous SIM 5kg,765
6130351001556,Couscous SIM complet 1kg,170
6132049000018,Couscous d'or 1kg,150
6133188000013,Couscous la baraka 1kg,155
6133839000027,Couscous safina 1kg,155
1000000041491,Couteau à pizza; 1000000041491;510
6132204500056,Couvercle jetable PF - x20,85
6130760006241,Crème Dessert SOUMMAM - Caramel,30
6130760000140,Crème Dessert SOUMMAM - Chocolat,30
6130760000317,Crème Dessert SOUMMAM - Vanille,30
1000000009248,Crème Fraiche CANDIA 1L,1020
1000000033045,Crème Fraiche CANDIA 20cl,205
6130760006326,Crème Fraiche SOUMMAM 20cl,175
6130760002588,Crème Fraiche SOUMMAM 45cl,355
6131411000045,Crème chantilly AMINA 1Kg,1550
6131411000069,Crème chantilly AMINA 200g,355
6131411000052,Crème chantilly AMINA 500g,840
6130015011037,Crème chantilly EL BARAKA 100g,175
6130015011020,Crème chantilly EL BARAKA 200g,345
6134413000693,Crème chantilly EL BARAKA 50g,90
6132141000049,Crème chantilly EL MORDJENE 1Kg,1650
6132500710630,Crème chantilly EL MORDJENE 200g,370
6132500710647,Crème chantilly EL MORDJENE 500g,880
6132158011226,Crème chantilly MILA 200g,360
1000000038484,Cuillère jetable - x50,110
1000000027167,Cuillère à soupe inox - x12,650
1000000022414,Cuillère à soupe inox 18/10 x12,2100
1000000021653,Curcuma moulu - vrac,1100
1000000042436,Cuisinière 60x60 Beko; 1000000042436;45200
1000000042443,Cuisinière 60x90 Condor; 1000000042443;58400
1000000042450,Cuisinière 60x90 Eniem; 1000000042450;51000
1000000042467,Cuisinière 60x90 Nardi; 1000000042467;68200
1000000042474,Cuisinière 60x90 Raylan; 1000000042474;55300
1000000042481,Cuisinière 60x90 Sonaric; 1000000042481;49800
6130384000397,Dégraissant NIL 500ml,145
6130384000403,Dégraissant NIL 750ml,195
6135053000456,Dégraissant SAFYNET 500ml,180
1000000013320,Dattes - vrac,680
6132524450123,Dattes fourrés ATLAL,135
1000000036688,Déodorant ADIDAS 150ml,480
6130024040134,Déodorant VENUS 150ml,255
1000000017120,Déodorant homme AXE 150ml,550
6135053000517,Détartrant SAFYNET 1L,135
6135053000524,Détartrant SAFYNET 3L,385
6130024160412,Dissolvant VENUS 125ml,125
6130024160351,Dissolvant VENUS 60ml,80
6130760002595,DIALNA mini SOUMMAM,15
6130760002359,DIALNA 100g SOUMMAM,20.5
6132417700137,EL-ASSIL 1L,165
1000000011074,Eau de toilette CHAIRMAN 10cl,780
6130640010726,Eau de toilette DOLLE-OUD - Absolu 10cl,365
6130640010757,Eau de toilette DOLLE-OUD - Imperial 10cl,365
6137012000026,Eau minérale CRISTA 5L,80
1000000034776,Eau minérale BOUGLEZ 0.5L,18
6130576000020,Eau minérale BOUGLEZ 1.5L,220
6130576001386,Eau minérale BOUGLEZ 1L,235
1000000040098,Eau minérale CRISTAL 1.5L,190
6130517000430,Eau minérale DJURDJURA 5L,70
6130287000029,Eau minérale EL GOLEA 0.5L,20
6130287000012,Eau minérale EL GOLEA 1.5L,230
6134720000010,Eau minérale ELGHADIR 1.5L,165
6130758000046,Eau minérale GUEDILA 1.5L,170
1000000030259,Eau minérale HIROUCHE 5.5L,80
6130093010045,Eau minérale IFRI 0.5L,195
6130093055077,Eau minérale IFRI 1.5L,175
6130093050140,Eau minérale IFRI 5L,125
6130101000020,Eau minérale LALLA KHEDIDJA 0.5L,22
6130101000013,Eau minérale LALLA KHEDIDJA 1.5L,235
6130101000204,Eau minérale LALLA KHEDIDJA 5L,85
6130230000014,Eau minérale MESSAD 1.5L,190
6130230000021,Eau minérale MESSAD 5.5L,110
1000000022155,Eau minérale MOZAIA 0.5L,155
6130104000027,Eau minérale MOZAIA 1.5L,190
6130104001437,Eau minérale MOZAIA 5L,85
6130022000017,Eau minérale SAIDA 1.5L,215
6130022000024,Eau minérale SAIDA 5L,120
6131481000029,Eau minérale TESSALA 1.5L,190
6130138000024,Eau minérale YOUKOUX 1.5L,180
1000000021578,Eau minérale YOUKOUX 5L,85
6132296000021,Eau de source MESSAD 1.5L,190
6130384000359,Eau oxygénée 10v 125ml,100
6130384000366,Eau oxygénée 20v 125ml,110
6130384000373,Eau oxygénée 30v 125ml,120
6135279203336,Eponge à tableau TECHNO PF - 2033,51
6135279203343,Eponge à tableau TECHNO GM - 2034,85
6134673000518,Essuie-tout FABRO 2R,160
1000000034257,Etagère à chaussure; 1000000034257;1850
1000000028454,Evaporateur d'air GEANT; 1000000028454;38600
6130760000836,FORT SOUMMAM,25
6133414003726,Family MAXON x 10 380g,220
6132524450123,Farine ATLAL 1kg,110
6130234000256,Farine MEDINA 1kg,105
6130234000300,Farine MEDINA 5kg,510
6130351000016,Farine SIM 1kg,110
6130351000023,Farine SIM 5kg,520
6132049000018,Farine d'or 1kg,105
1000000021578,Farine de pois chiche - vrac,450
1000000021653,Fenouil moulu - vrac,1350
1000000021660,Fenugrec moulu - vrac,850
6134598005247,Fixateur de parfum BEAUTIFY 250ml,635
1000000041286,Flocon d'avoine - vrac,680
6135038000013,Fromage RICHE-LAIT - 250g,580
6130136200235,Fromage fondu BERBERE 24 p,245
6130136200242,Fromage fondu BERBERE 32 p,320
6130136200228,Fromage fondu BERBERE 8 p,85
6130760001222,Fromage fondu SOUMMAM 24 p,255
6130760001239,Fromage fondu SOUMMAM 32 p,335
6130760001215,Fromage fondu SOUMMAM 8 p,90
6130015061032,Fromage à tartiner EL BARAKA 200g,280
6132501703594,Fromage à tartiner MONT D'OR - 200g,160
6135231002135,Fromage à tartiner MONT D'OR cheddar - 450g,360
6135231002142,Fromage à tartiner MONT D'OR edam - 450g,360
6135231000971,Fromage à tartiner MONT D'OR - 800g,415
6135231003057,Fromage à tartiner MONT D'OR cheddar - 800g,435
1000000030259,Friteuse SEB Actifry; 1000000030259;32500
1000000043877,Friteuse à air chaud MULTISMART; 1000000043877;12500
1000000013139,Gaufrette EL-ASSIL - vrac,650
6132011600079,Gaufrette KIMOU 30g,15
6133414008134,Gaufrette MAXON - Choco 30g,15
6135611000348,Gaufrette MICOS PF - x5,100
6130619003056,Gaufrette NELLO PF - x5,100
6130426001245,Gaufrette SABLITO 80g,35
6130426001252,Gaufrette TARTELETTE 80g,35
6132175401598,Gaufrette Celibrity au lait,45
6133414003726,Genoise MAXON x 10 380g,220
6133414008523,Genoise MAXON mon gouter PM,25
6130624000286,Glace CASA + MONTELLO cornito 10cl,55
6132501703594,Glace CASA + MONTELLO mini,35
6132501704393,Glace CASA Royal + YETI barquette 1.2L - Mélange,260
6132501703112,Glace CASA et MONTILLO pot de 120ml,35
6130250000636,Glace GINI SCOUBIDOU 9cl,50
6130250000049,Glace GINI SKIPPER 10cl,70
6135627000127,Glace GINI barquette 0.5L - Fraise,160
6130250000216,Glace GINI barquette 1.2L,360
6132501702276,Glace GINI barquette 1L - Mélange,250
6130250000551,Glace GINI cornito 10cl,70
6135627000110,Glace GINI pot de 120ml - Chocolat,45
6135627000233,Glace GINI pot de 120ml - Fraise,45
6135627000134,Glace GINI pot de 120ml - Vanille,45
6135627000356,Glace GINI pot de 500ml - Chocolat,165
6135627000363,Glace GINI pot de 500ml - Fraise,165
6135627000370,Glace GINI pot de 500ml - Vanille,165
6130250000032,Glace GINI skip PF,40
6132501701385,Glace MONT D'OR barquette 1L - Mélange,245
6132501701224,Glace MONT D'OR pot de 120ml - Chocolat,40
6130624000071,Glace MONTELLO barquette 1L - Mélange,235
6130624000118,Glace MONTELLO pot de 120ml - Fraise,40
6130624000132,Glace MONTELLO pot de 120ml - Vanille,40
1000000021660,Graine de pavot - vrac,1250
1000000021677,Graine de sésame - vrac,850
6130214300239,Graine de tournesol - vrac,515
6134557000047,Gratte-éponge FABRO x2,65
6134766001057,Grille-pain SILVER CREST; 1000000017519;3850
6132253000620,Gel machine AMIR-CLEAN 2.5L,675
6132158200064,Gel machine DOTEX 10L,1100
6132265000021,Gel machine LIFE - 1.5L,250
6133275001107,Gel machine LIFE - 2.5L,370
6133873000342,Gel machine Rodex 10L,915
6130234000256,Glace CASA + MONTELLO cornito 10cl,55
6130234000300,Glace CASA + MONTELLO mini,35
6130351000016,Glace CASA Royal + YETI barquette 1.2L - Mélange,260
6130351000023,Glace CASA et MONTILLO pot de 120ml,35
6132049000018,Glace GINI SCOUBIDOU 9cl,50
1000000021578,Glace GINI SKIPPER 10cl,70
1000000021653,Glace GINI barquette 0.5L - Fraise,160
1000000021660,Glace GINI barquette 1.2L,360
6134598005247,Glace GINI barquette 1L - Mélange,250
1000000041286,Glace GINI cornito 10cl,70
6135038000013,Glace GINI pot de 120ml - Chocolat,45
6130136200235,Glace GINI pot de 120ml - Fraise,45
6130136200242,Glace GINI pot de 120ml - Vanille,45
6130136200228,Glace GINI pot de 500ml - Chocolat,165
6130760001222,Glace GINI pot de 500ml - Fraise,165
6130760001239,Glace GINI pot de 500ml - Vanille,165
6130760001215,Glace GINI skip PF,40
6130015061032,Glace MONT D'OR barquette 1L - Mélange,245
6132501703594,Glace MONT D'OR pot de 120ml - Chocolat,40
6135231002135,Glace MONTELLO barquette 1L - Mélange,235
6135231002142,Glace MONTELLO pot de 120ml - Fraise,40
6135231000971,Glace MONTELLO pot de 120ml - Vanille,40
6135231003057,Harissa EL-BAHIA 125g,45
1000000030259,Harissa EL-BAHIA 500g,160
1000000043877,Harissa MEDINA 125g,45
1000000013139,Harissa MEDINA 340g,105
6132011600079,Harissa MEDINA 500g,155
6133414008134,Harissa MEDINA PF,35
6135611000348,Huile d'olive EL-WAFI 0.5L,425
6130619003056,Huile d'olive EL-WAFI 1L,815
6130426001245,Huile d'olive EL-WAFI 2L,1550
6130426001252,Huile d'olive EL-WAFI 3L,2250
6132175401598,Huile d'olive EL-WAFI 5L,3650
6133414003726,Huile d'olive ZITOUNA 0.5L,385
6133414008523,Huile d'olive ZITOUNA 1L,755
6130624000286,Huile d'olive ZITOUNA 2L,1450
6132501703594,Huile d'olive ZITOUNA 5L,3550
6132501704393,Huile de tournesol ELIO 1L,215
6132501703112,Huile de tournesol ELIO 2L,425
6130250000636,Huile de tournesol ELIO 5L,1025
6130250000049,Huile de tournesol FLEURIAL 1L,225
6135627000127,Huile de tournesol FLEURIAL 2L,445
6130250000216,Huile de tournesol FLEURIAL 5L,1075
6132501702276,Huile de tournesol SIM 1L,210
6130250000551,Huile de tournesol SIM 2L,415
6135627000110,Huile de tournesol SIM 5L,1005
6135627000233,Imprimante CANON Laser SFP I-SENSY LBP6030,53500
6135627000134,Imprimante EPSON L3250 (3251),42250
6135627000356,Insecticide CASA 75cl,355
6135627000363,Insecticide KLASH 400ml,185
6135627000370,Insecticide KLASH 500ml,370
6130250000032,Javel AMIR 1L,85
6132501701385,Javel AMIR 2L,165
6132501701224,Javel AMIR 5L,385
6130624000071,Javel SAFYNET 1L,75
6130624000118,Javel SAFYNET 2L,145
6130624000132,Javel SAFYNET 5L,355
1000000021660,Kachir BELLAT 500g,145
1000000021677,Kachir FROM,355
6130214300239,Karantita EL AMINE SACHET DE 400g,195
6134557000047,Karchèr BOOMAN 9016CB,12500
6134766001057,Ketchup MEDINA 250g,95
6132253000620,Ketchup MEDINA 500g,175
6132158200064,Lait 1/2 écrémé CANDIA 1L,125
6132265000021,Lait 1/2 écrémé CANDIA 50cl,70
6133275001107,Lait entier CANDIA 1L,135
6133873000342,Lait entier CANDIA 50cl,75
6130234000256,Lait en poudre LOYA 400g,485
6130234000300,Lait en poudre LOYA 800g,955
6130351000016,Lait en poudre NESMA 400g,455
6130351000023,Lait en poudre NESMA 500g,510
6132049000018,Lait en poudre PURISIMA 500g,445
1000000021578,Lait en poudre SPEEDO 500g,560
1000000021653,Lait en poudre SEVEN SPRAY 500g,510
1000000021660,Lait pour nourrisson APTAMIL 1,920
1000000021677,Lait pour nourrisson APTAMIL 2,920
6134598005247,Lait pour nourrisson BIOMIL 1 ans - 400g,785
1000000041286,Lait pour nourrisson BIOMIL PLUS 1 ans,760
6135038000013,Lait pour nourrisson BIOMIL PLUS 2 ans,815
6130136200235,Lait pour nourrisson BLEDILAIT de 1 à 3 ans,655
6130136200242,Lait pour nourrisson FRANCE LAIT 1,820
6130136200228,Lait pour nourrisson FRANCE LAIT 2,820
6130760001222,Lait pour nourrisson FRANCE LAIT 3,820
6130760001239,Lait pour nourrisson NOVALAC 1,850
6130760001215,Lait pour nourrisson NOVALAC 2,860
6130015061032,Lait pour nourrisson NOVALAC 3,850
6132501703594,Lait pour nourrisson NURSIE 1 - 400g,755
6135231002135,Lait pour nourrisson NURSIE 1 - Confort,865
6135231002142,Lait pour nourrisson NURSIE 2 - 400g,755
6135231000971,Lait pour nourrisson NURSIE 2 - Confort,815
6135231003057,Lait sans Lactose CANDIA 1L,135
1000000030259,Lame MINORA x5,50
1000000043877,Lame PRIME x5,85
1000000013139,Lame rasoir BIG BEN 2,140
6132011600079,Lampe Led TASSILI 18W,365
6133414008134,Lampe PHILIPS - 75w,70
6135611000348,Lampe classic - 75w,60
6130619003056,Lampe led 12w,200
6130426001245,Lampe led 15W,250
6130426001252,Lampe led ALL - 18w,280
6132175401598,Lampe led FANOUS 16w,230
6133414003726,Lampe led FINOR 18W,350
6133414008523,Lampe led FINOR 30W,630
6130624000286,Lampe économique TASSILI 12W,185
6132501703594,Langue d'oiseau ALBARAKA 500g,80
6132501704393,Langue d'oiseau BENAMOR 500g,90
6132501703112,Langue d'oiseau BENHAMADI 500g,85
6130250000636,Langue d'oiseau MAMA 500g,85
6130250000049,Langue d'oiseau SAFINA 500g,85
6135627000127,Langue d'oiseau SIM 500g,65.5
6130250000216,Lave glace AMIS 3L,380
6132501702276,Lave vitre AMIS 500ml,130
6130250000551,Lessive machine AMIR-CLEAN 2.5L,675
6135627000110,Lessive machine DOTEX 10L,1100
6135627000233,Lessive machine LIFE - 1.5L,250
6135627000134,Lessive machine LIFE - 2.5L,370
6135627000356,Lessive machine Rodex 10L,915
6135627000363,Levure boulangère SAF-INSTANT 125g,135
6135627000370,Levure boulangère SAF-INSTANT 500g,415
6130250000032,Limonade HAMOUD BOUALEM 1L,95
6132501701385,Limonade HAMOUD BOUALEM 2L,175
6132501701224,Limonade IFRI 1L,85
6130624000071,Limonade IFRI 2L,165
6130624000118,Liquide linge LE-CHAT 2.5L - L.A,850
6130624000132,Liquide linge LE-CHAT 900ml,305
1000000021660,Liquide linge RODEX 10L - L.A,935
1000000021677,Liquide vaisselle AMIR 1L,145
6130214300239,Liquide vaisselle AMIR 500ml,85
6134557000047,Liquide vaisselle AMIS 1L,135
6134766001057,Liquide vaisselle AMIS 500ml,75
6132253000620,Liquide vaisselle NIL 1L,125
6132158200064,Liquide vaisselle NIL 500ml,70
6132265000021,Liquide vaisselle SAFYNET 1L,115
6133275001107,Liquide vaisselle SAFYNET 500ml,65
6133873000342,Louche inox; 1000000033182;510
6130234000256,Lustre à pampilles; 1000000034257;8500
6130234000300,Maca ALBARAKA 500g,80
6130351000016,Maca BENAMOR 500g,90
6130351000023,Maca BENHAMADI 500g,85
6132049000018,Maca MAMA 500g,85
1000000021578,Maca SAFINA 500g,85
1000000021653,Maca SIM 500g,65.5
1000000021660,Macaroni ALBARAKA 500g,80
1000000021677,Macaroni BENAMOR 500g,90
6134598005247,Macaroni BENHAMADI 500g,85
1000000041286,Macaroni MAMA 500g,85
6135038000013,Macaroni SAFINA 500g,85
6130136200235,Macaroni SIM 500g,65.5
6130136200242,Maizena AL BARAKA 100g,55
6130136200228,Maizena AL BARAKA 500g,195
6130760001222,Maizena MEDINA 100g,50
6130760001239,Maizena MEDINA 500g,185
6130760001215,Margarine FLEURIAL 250g,135
6130015061032,Margarine FLEURIAL 500g,255
6132501703594,Margarine LABLABELLE 250g,125
6135231002135,Margarine LABLABELLE 500g,235
6135231002142,Margarine MANI 250g,130
6135231000971,Margarine MANI 500g,245
6135231003057,Margarine MATINA 250g,135
1000000030259,Margarine MATINA 500g,255
1000000043877,Margarine SOL 250g,130
1000000013139,Margarine SOL 500g,245
6132011600079,Mayonnaise MEDINA 250g,135
6133414008134,Mayonnaise MEDINA 500g,245
6135611000348,Micro-onde ARISTON 25L; 1000000044218;33050
6130619003056,Micro-onde ARISTON 30L; 1000000038934;39250
6130426001245,Mixeur plongeant MULTISMART; 1000000043471;1765
6130426001252,Mouche bébé; 1000000021677;1250
6132175401598,Moutarde MEDINA 250g,115
6133414003726,Moutarde SIDNA 340g,165
6133414008523,Nappe en plastique 2x100cm,50
6130624000286,Nescafé CLASSIC DOYPACK 180g,1250
6132501703594,Nescafé CLASSIC DOYPACK 45g,325
6132501704393,Nettoyant multi-usage AMIS 1L,220
6132501703112,Nettoyant multi-usage NIL 1L,185
6130250000636,Nid d'abeille; 1000000030259;3550
6130250000049,Nouilles chinoises; 1000000021578;125
6135627000127,Oeufs - plateau de 30,550
6130250000216,Oignon - vrac,125
6132501702276,Olives noires - vrac,515
6130250000551,Olives vertes - vrac,450
6135627000110,Orange - vrac,185
6135627000233,Orge moulu - vrac,135
6135627000134,Paille jetable x 50,75
6135627000356,Pain de mie complet; 1000000034257;185
6135627000363,Pain de mie nature; 1000000034257;165
6135627000370,Panier à linge; 1000000034257;1250
6130250000032,Papier aluminium 10m,290
6132501701385,Papier aluminium 20m,550
6132501701224,Papier aluminium 5m,160
6130624000071,Papier cuisson 10m,250
6130624000118,Papier cuisson 5m,135
6130624000132,Papier hygiénique FABRO 12R,450
1000000021660,Papier hygiénique FABRO 2R,85
1000000021677,Papier hygiénique FABRO 4R,165
6130214300239,Papier hygiénique FABRO 6R,245
6134557000047,Papier toilette; 1000000021677;85
6134766001057,Parfum d'ambiance 250ml,385
6132253000620,Parfum d'ambiance 500ml,650
6132158200064,Passoire inox; 1000000033182;650
6132265000021,Pate à modeler 12 couleurs,350
6133275001107,Pate à modeler 6 couleurs,185
6133873000342,Pate à tartiner EL MORDJENE 200g,285
6130234000256,Pate à tartiner EL MORDJENE 700g,850
6130234000300,Pate à tartiner MAXON 200g,245
6130351000016,Pate à tartiner MAXON 400g,455
6130351000023,Pate à tartiner MAXON 700g,755
6132049000018,Pates alimentaires ALBARAKA 500g,80
1000000021578,Pates alimentaires BENAMOR 500g,90
1000000021653,Pates alimentaires BENHAMADI 500g,85
1000000021660,Pates alimentaires MAMA 500g,85
1000000021677,Pates alimentaires SAFINA 500g,85
6134598005247,Pates alimentaires SIM 500g,65.5
1000000041286,Pelle avec brosse FABRO,250
6135038000013,Pelle avec brosse MAGIC,125
6130136200235,Pelle avec manche FABRO,250
6130136200242,Petit four CRAKS 900gr,205
6130136200228,Petit four KIMOU x 10p,100
6130760001222,Petit suisse nature SOUMMAM,20
6130760001239,Petit suisse sucré SOUMMAM,25
6130760001215,Piles AA x4,150
6130015061032,Piles AAA x4,150
6132501703594,Pince à linge x 12,125
6135231002135,Pince à linge x 24,245
6135231002142,Pinceau à pâtisserie; 1000000033182;125
6135231000971,Pistache décortiquée - vrac,4500
6135231003057,Pistache en coque - vrac,3850
1000000030259,Planche à découper; 1000000034257;650
1000000043877,Plateau de service; 1000000034257;1250
1000000013139,Plat à four; 1000000034257;1850
6132011600079,Plomb; 1000000018257;50
6133414008134,Poivre blanc moulu - vrac,2850
6135611000348,Poivre noir moulu - vrac,2250
6130619003056,Pomme - vrac,285
6130426001245,Pomme de terre - vrac,105
6130426001252,Portable REALMI C71 8GB / 256GB,37740
6132175401598,Portable REALMI C75 8GB / 256GB,39780
6133414003726,Portable REALMI C75 8GB / 128GB,40500
6133414008523,Portable REALMI C75 X 8GB / 128GB,41500
6130624000286,Portable REALMI NEO 7 Turbo 12GB / 256GB,76500
6132501703594,Portable REALMI13 - 5G 8GB / 256GB,54000
6132501704393,Portable REDMI A3 4GB/128,23900
6132501703112,Portable REDMI A5 4GB/128,24480
6130250000636,Portable REDMI NOTE 14 6GB/128,35700
6130250000049,Portable SAMSUNG A06 4/64,26520
6135627000127,Portable SAMSUNG A07 4/64,24990
6130250000216,Portable SAMSUNG A16 6GB /128GB,39500
6132501702276,Portable SAMSUNG A16 4/128,33660
6130250000551,Portable SAMSUNG A16 6/128,40800
6135627000110,Portable SAMSUNG A16 8/128,38760
6135627000233,Portable SAMSUNG A16 8/256,41310
6135627000134,Pot à lait inox; 1000000033182;850
6135627000356,Pot à moutarde; 1000000034257;85
6135627000363,Pot à sel; 1000000034257;50
6135627000370,Poudre lavage à main BINGO 300g,100
6130250000032,Poudre lavage à main ISIS 300g,95
6132501701385,Poudre lavage à main TEST 420g,110
6132501701224,Poudre lavage à main TEST 750g,210
6130624000071,Poudre linge AIGLE 2.5Kg,745
6130624000118,Poudre linge AIGLE 2.5Kg Power7 - L.A,665
6130624000132,Poudre linge BINGO Anti-bactérie 300g,110
1000000021660,Poudre linge BINGO Anti-bactérie 750g,265
1000000021677,Poudre linge BINGO anti-odeurs 750g,230
6130214300239,Poudre linge ISIS 1.5Kg,425
6134557000047,Poudre linge ISIS 750g,220
6134766001057,Poudre linge LE-CHAT 300g,100
6132253000620,Poudre linge LE-CHAT 750g,225
6132158200064,Poudre linge OMO 300g,110
6132265000021,Poudre linge OMO 580g,180
6133275001107,Poudre linge OMO 800g,240
6133873000342,Poudre linge TEST 2.5Kg - L.A,650
6130234000256,Poudre linge TEST 750g,210
6130234000300,Poudre linge TEST OXY POWER 1500g,435
6130351000016,Poudre linge TEST OXY POWER 2.5Kg,755
6130351000023,Pruneau sec - vrac,1250
6132049000018,Purée de tomate MEDINA 500g,135
1000000021578,Radis - vrac,85
1000000021653,Raisin sec - vrac,1150
1000000021660,Râpe à fromage; 1000000033182;250
1000000021677,Réchaud gaz; 1000000018257;2500
6134598005247,Réfrigérateur BEKO; 1000000042436;85200
1000000041286,Réfrigérateur CONDOR; 1000000042443;68400
6135038000013,Réfrigérateur ENIEM; 1000000042450;55000
6130136200235,Riz AL BARAKA 1kg,195
6130136200242,Riz MEDINA 1kg,185
6130136200228,Riz SIM 1kg,175
6130760001222,Riz d'or 1kg,170
6130760001239,Robot pâtissier MULTISMART; 1000000042238;3085
6130760001215,Rouleau à pâtisserie; 1000000033182;250
6130015061032,Sable; 1000000018257;50
6132501703594,Sac à ordures x 10,135
6135231002135,Sac à pain; 1000000021677;85
6135231002142,Sac poubelle; 1000000021677;125
6135231000971,Saladiers inox; 1000000033182;850
6135231003057,Salière; 1000000034257;50
1000000030259,Sardine EL-BAHIA 125g,135
1000000043877,Sardine MEDINA 125g,125
1000000013139,Savon liquide AMIR 1L,215
6132011600079,Savon liquide AMIR 500ml,125
6133414008134,Savon liquide AMIS 1L,195
6135611000348,Savon liquide AMIS 500ml,115
6130619003056,Savon liquide NIL 1L,185
6130426001245,Savon liquide NIL 500ml,115
6130426001252,Savon liquide SAFYNET 1L,175
6132175401598,Savon liquide SAFYNET 500ml,105
6133414003726,Semoule MEDINA 1kg,140
6133414008523,Semoule MEDINA 5kg,680
6130624000286,Semoule SIM 1kg,145
6132501703594,Semoule SIM 5kg,710
6132501704393,Serpillière FABRO,185
6132501703112,Serpillière MAGIC,125
6130250000636,Serviette de table x 50,110
6130250000049,Shampoing DAHLIA 200ml,190
6135627000127,Shampoing GLISS 360ml,430
6130250000216,Shampoing VENUS 1L,385
6132501702276,Shampoing VENUS 500ml,225
6130250000551,Sifflet; 1000000018257;25
6135627000110,Sirop DELICIAS Anis 1L,295
6135627000233,Sirop DELICIAS Citron 1L,295
6135627000134,Sirop DELICIAS Grenadine 1L,295
6135627000356,Sirop DELICIAS Menthe 1L,295
6135627000363,Sirop DELICIAS Mojito 1L,295
6135627000370,Sommier simple,8755
6130250000032,Sourire; 1000000018257;25
6132501701385,Soutien-gorge; 1000000021677;350
6132501701224,Spaghetti ALBARAKA 500g,80
6130624000071,Spaghetti BENAMOR 500g,90
6130624000118,Spaghetti BENHAMADI 500g,85
6130624000132,Spaghetti MAMA 500g,85
1000000021660,Spaghetti SAFINA 500g,85
1000000021677,Spaghetti SIM 500g,65.5
6130214300239,Stylo à bille x 10,135
6134557000047,Sucre AL BARAKA 1kg,105
6134766001057,Sucre MEDINA 1kg,100
6132253000620,Sucre glace AL BARAKA 500g,125
6132158200064,Sucre glace MEDINA 500g,115
6132265000021,Sèche-cheveux MULTISMART; 1000000043471;2500
6133275001107,Table à repasser; 1000000034257;3850
6133873000342,Tagine inox; 1000000033182;2100
6130234000256,Tambour; 1000000018257;150
6130234000300,Tapis de cuisine; 1000000034257;1250
6130351000016,Tasse à café x 6,850
6130351000023,Tasse à thé x 6,1050
6132049000018,Teinture pour cheveux,350
1000000021578,Téléphone fixe; 1000000018257;2500
1000000021653,Téléviseur STREAM 43"; 1000000026849;57680
1000000021660,Téléviseur STREAM 50"; 1000000015348;80000
1000000021677,Thermos 1L,1250
6134598005247,Thermos 2L,1850
1000000041286,Tisane EL-NIL Verveine,125
6135038000013,Tomate conserve HELLO 500g,165
6130136200235,Tomate conserve MEDINA 500g,155
6130136200242,Torchon de cuisine,85
6130136200228,Trousse scolaire,250
6130760001222,Ustensiles de cuisine,350
6130760001239,Vaisselle jetable,195
6130760001215,Vase en verre,850
6130015061032,Vinaigre MEDINA 1L,55
6132501703594,Vinaigre SIDNA 1L,65
6135231002135,Yaourt Nature SOUMMAM,25
6135231002142,Yaourt SOUMMAM Banakouta,35
6135231000971,Yaourt au fruits Bicouche SOUMMAM,35
6135231003057,Yaourt brassé SOUMMAM Mamzoudj,25
1000000030259,Yaourt flan SOUMMAM - CARAMEL,30
6130760005541,Yaourt flan SOUMMAM - CHOCOLAT,35
6130760000867,Yaourt light SOUMMAM,25
6134614000225,Yaourt à boir CHIHA 1L,160
1000000000498,Yaourt à boir CHIHA 33cl,67
6130760003615,Yaourt à boire ALADIN,30
6130760003547,Yaourt à boire Aladin Fraise 100g,30
6132504870026,Yaourt à boire SPEEDO 1L - Fraise,130
6132504870033,Yaourt à boire SPEEDO 1L - Panaché,130
6132504870224,Yaourt à boire SPEEDO 1L - Myrtille,130
6132504870019,Yaourt à boire SPEEDO 20cl - Fraise,30
6132504870040,Yaourt à boire SPEEDO 20cl - Panaché,30
6130760006747,Yaourt à boire SOUMMAM L'Algeroise 1L,110
6130000000003,Zeste d'orange - vrac,650
6132130305546,Zeste de citron YASMINE D'OR 15g,15
1000000039306,ACCES STEAM FORCE 2000W 30G,14550
1000000042191,ASPIRATEUR BALAIS S/F MULTISMART VC3012,20160
1000000042214,ASPIRATEUR MULTISMART MS-VC4211,13110
1000000042207,ASPIRATEUR NARDI BALAI NAS 55B10 550W,35800
1000000039313,ASPIRATEUR ROUWENTA,49200
1000000034813,Abricot sec KINGAPRICOT - Vrac,2500
6134673000860,Accroche balais FABRO,180
6132503465483,Adoucissant pour linge DORILFLOR -1L,235
1000000039245,Air Frayer MOULINEX 4.2L N°65,36950
1000000017557,Air cooler GEANT 7L - GESWT1BFKY,36720
1000000017564,Air cooler GEANT mobile - GNMRAW3G,2876.4
7868822366000,Allumette KHYBER 10P,210
6132524250068,Alluminium pour Cuisinière ORIBER 60X90,135
1000000038361,Amande NUTS ALWAFY 30g,75
1000000038378,Amande NUTS ALWAFY 70g,215
1000000038354,Amande NUTS EL-YOUM 1Kg,2100
1000000038385,Amande en coque NUTS ALWAFY 100g,215
1000000038491,Amande en coque NUTS EL-YOUM 1Kg,1600
1000000038507,Amande en coque NUTS EL-YOUM 3Kg,4500
1000000008579,Amande blanc - vrac,2480
1000000027853,Amande rouge - vrac,2550
1000000014860,Amande salée - vrac,2650
6134766000289,Amande sans sel EL-HEKMA 1kg,1800
6008155000795,Amila poudre 35g,36
8857122685187,Ananas en tranche BELLA MARIA 565g,305
8850099187746,Ananas en tranche DYLIA 565g,330
8858951909444,Ananas en tranche GOLDEN LAND 850g,520
8859325781567,Ananas en tranche GOOD STAR 565g,320
1000000037821,Ananas en tranche MIAMIA 565g,420
6136542001176,Ananas en tranche VITER 220g,500
6136542000995,Ananas en tranche VITER 400g,390
1000000027839,Ananas séchés - vrac,1880
6135053001316,Anti Cafard KLASH MAX - 400 ml,185
6135053001347,Anti Cafard et Fourmis KLASH MAX - 500ml,370
6132502670055,Anti-calcaire MA SAFYNET - 375g,385
6132502670130,Anti-calcaire canalisation SAFYNET 375g,395
6132502270958,Applicateur de cire naturelle PALC 75ml,150
6135259000427,Après Shampoing DAHLIA 200ml,190
8690572794630,Après shampoing GLISS 360ml,430
6935023171014,Aquarelle 16 couleurs TECHNO Ref 7101,330
6935023177047,Aquarelle bubbles colors 08c TECHNO Réf. 7704,250
6935023171007,Aquarelle bubbles colors 12c TECHNO Réf. 7100,275
1000000028430,Arachide blanc - vrac,425
1000000012989,Arachide efillé - vrac,680
1000000028676,Arachide rouge - vrac,350
6135279720336,Ardoise double face KALAM - 3875,183.6
6132004798028,Ardoise double face TECHNO - 9802,250
6132004792187,Ardoise double face noir et blanc TECHNO - 9218,135
6132004796840,Ardoise magnetique TECHNO GF - 9684,330
6132004797960,Ardoise magnétique TECHNO 20xcm D/Face - 9796,275
1000000018257,Ardoise noire,50
6132139500077,Arôme FAROMAL 60ml,55
6132130305553,Arôme YASMINE D'OR 15g - Vanille,15
6132130300119,Arôme YASMINE D'OR 60g - Vanille,30
1000000023145,Aspirateur ARCODYM,17500
1000000027570,Assiette jetable,195
6134259000130,Assiette jetable HADEF GM - x20,95
6132204500018,Assiette jetable PLAST D'OR GM - x20,160
6134413000259,Assila EL BARAKA 125g,110
6132507460040,Assila EL DJURDJURA 1Kg,170
6132507460064,Assila EL DJURDJURA 2Kg,330
6132507460019,Assila EL DJURDJURA 500g,100
6132500710272,Assila EL MORDJENE 1Kg,180
6132500710081,Assila EL MORDJENE 2Kg,330
6132500710098,Assila EL MORDJENE 3Kg,495
6132500710425,Assila EL MORDJENE 500g,100
6130234007583,Assila MEDINA 2kg,355
6130234007576,Assila MEDINA 1Kg,195.5
6130234007590,Assila MEDINA 3kg,560
6130234007569,Assila MEDINA 500g,95
6130234007606,Assila MEDINA 5kg,890
6132329300050,Assila NOUNOURS 1kg,170
6132329300043,Assila NOUNOURS 500g,95
6134598001775,Assouplissant de ling LIFE 1L,190
6134598008088,Assouplissant de linge LIFE 3L,610
1000000042221,BAIN HUILE MULTISMART 13 EL VENT OH2132,14210
1000000039191,BATEUR BOSCH MFQ2210D TURBO 375W,5170
1000000042238,BATEUR ELECT MULTISMART MS-HM1081 450W,3085
1000000043532,BATTEUR MULTISMART 200W HM4015,2430
1000000043556,BATTEUR MULTISMART 300W HM4035,2700
1000000042245,BLENDER MULTISMART 2en1 BD 2215,3745
1000000042252,BOULLOIR MULTISMART 2L MS-KT2011 1500W,2920
1000000043723,BOUTEILLE POUR FONTAINE FRAICHE,885
1000000042269,BRAS MIXEUR MULTISMART MS- HB2219,3470
1000000042276,BRAS MIXEUR MULTISMART 850W HB6011,5510
1000000043488,BRAS MIXEUR MUTLISMART HB2214,3250
1000000043495,BRAS MIXEUR MUTLISMART HB3203,3860
1000000043471,BRAS MIXEUR MUTLISMART 300W HB2111,1765
1000000043877,BRAS MIXEUR MUTLISMART 600W HB2110,2315
1000000043457,BRAS MIXEUR MUTLISMART 800W INOX HB2215,3250
1000000043464,BRAS MIXEUR MUTLISMART HB2105,2975
1000000039184,BRAS mixeur BOSH,10060
1000000026870,Bain d'huile CONDOR 11 éléments - CBHU3511,15250
1000000044355,Bain d'huile CONDOR 11 éléments - WQP11-24 F1N,15500
1000000033625,Bain d'huile CONDOR 13 éléments - WQP13-5201G,17200
1000000027471,Bain d'huile CRISTOR - 2511,9600
1000000026887,Bain d'huile CRISTOR 11 éléments - BHK3511,11785
1000000041637,Bain d'huile MULTISMART 13 éléments - OH1131,10700
1000000041583,Bain d'huile MULTISMART 13 éléments - OH2131,11600
1000000041590,Bain d'huile MULTISMART 13 éléments VENT - OH2132,14200
6132524450505,Baklawa ATLAL,190
6134673000082,Balai FABRO - FB400,260
6134673000211,Balai FABRO - FB500,280
6134673000068,Balai FABRO Gold,290
6134673000020,Balai FABRO lisse,190
6134673000099,Balai FABRO rugueu,180
6135271000511,Balai NOVA MEXIL,70
6135271000924,Balai VENISSIA,240
6135271000634,Balai magic STAR,200
6134673002215,Balai à frange FABRO,950
6926599006091,Balais BK - Fleurie,75
5815412123330,Balais BK - Mixile,70
6131760000031,Balais D'OR - Fleurie,120
6134673000181,Balais avec manche ART,460
6951202849321,Ballon gonflable TECHNO x10 - 4932,190
1000000021752,Barquette aluminium 1042cl,10.5
1000000021738,Barquette aluminium 1065cl,16
1000000021745,Barquette aluminium 1074cl,25
1000000021691,Barquette aluminium 1185cl,33.5
1000000021714,Barquette aluminium 1320cl,58.5
6956288663304,Batonnet de barbecue ALAKOUNDA,110
1000000033199,Batteur SILVER CREST,5500
1000000006292,Beurre ERRAEI - vrac,1780
1000000009309,Beurre FORTUNE - vrac,650
6134311000122,Beurre MILKINA 200g,350
6135038000013,Beurre RICHE-LAIT - 250g,580
1000000028942,Beurre de chèvre ELMARAA,2550
1000000036398,Beurre de vache ELASSIL 250g,420
1000000028935,Beurre de vache ELMARAA - vrac,1350
6134180220218,Beurre de vache GOYA x 500g,750
6132545850056,Beurre de vache LINA,1290
6132469800014,Bi-café GOLD 45g,408
1000000008432,Bicarbonate ANTAR 10gr,15
6132501540533,Biscuit AVANTAGE 300g,90
6135611000355,Biscuit AVIDO x3,100
6132501542964,Biscuit BESTO 220g,75
6132501543893,Biscuit BIFA spécial digestive (blé complet),45
6133414009803,Biscuit BISCUP,100
6131484000195,Biscuit BRILLANCE 35g,15
6132501540311,Biscuit BRINO,25
6130896000243,Biscuit BRIX 110g,30
6130896000205,Biscuit BRIX 30g,10
6130896000229,Biscuit BUENTO,25
6132501549048,Biscuit Barre ma mosaique,10
6130619003087,Biscuit CHERCHELL 85g,25
6133379000020,Biscuit CROQUET,25
6132175401598,Biscuit Celibrity au lait,45
6135931000516,Biscuit DAYS promo-3P,95
6132501549833,Biscuit DUNAROLL - Maxi,85
6130426001245,Biscuit EL WAFI - Digestif,40
6130426001252,Biscuit EL WAFI - New B,45
6133414003726,Biscuit Family MAXON x 10 380g,220
6133414006932,Biscuit HAPPY WAFER - Choco 30g,10
6132501543886,Biscuit MAXI 150g,45
6133414000428,Biscuit MAXON 110g - Gouter,45
6133414000435,Biscuit MAXON 220g - Gouter,90
6133414000343,Biscuit MAXON 330g - Gouter,135
6133414008547,Biscuit MAXON mon gouter 135g,45
6132501540700,Biscuit MOUIZ,15
6132501540410,Biscuit PALMA,15
6133414007625,Biscuit Petit Beurre MAXON 160g,55
6133414000084,Biscuit Petit Beurre MAXON 320g,105
6135611000102,Biscuit Prince NELLO GF,15
6135611000089,Biscuit Prince NELLO PF,10
6133414000176,Biscuit SABLITO 300g,105
6133414000183,Biscuit SABLITO 80g,35
6135611000362,Biscuit SANDY x3,100
6132501542476,Biscuit SUPER 100g,25
6132501542490,Biscuit SUPER 1Kg,230
6132501542483,Biscuit SUPER 400g,95
6132501541011,Biscuit TABAREK 150g,35
6133414000244,Biscuit TARTELETTE 300g,105
6133414000251,Biscuit TARTELETTE 80g,35
6133379000143,Biscuit TIGRE,25
6131484000065,Biscuit TOUAREG 35g,15
6132501540304,Biscuit TRINO,25
6130000000002,Biscuit d'or - vrac,680
6135611000348,Biscuit fourré BIDO x3,100
6130619003056,Biscuit fourré CHERCHELL PF - x5,100
6132501549116,Biscuit fourré CHOC-UP,25
6135931000639,Biscuit fourré DAYS,35
6135611000454,Biscuit fourré GOLI GF - Promo x3,100
6135611000010,Biscuit fourré GOLI PF - Promo x5,100
6135611000416,Biscuit fourré LORI PF - Promo x5,100
6133414001043,Biscuit fourré MAXON 110g,55
6133414001036,Biscuit fourré MAXON 180g,85
6135611000447,Biscuit fourré MICOS - Promo x3,100
6135611000195,Biscuit fourré MONBIS - Promo x4,100
6135611000096,Biscuit fourré NELLO GF - Promo x3,100
6135611000072,Biscuit fourré NELLO PF - Promo x3,100
6135611000614,Biscuit fourré OUMNIA,70
6130015061032,Biscuit fourré PESOS 200g,80
6132501549703,Biscuit fourré SANDWICH - TYMO,25
6133414008134,Biscuit gaufrette MAXON - Choco 30g,15
6130760003462,Boisson lacté CANDIA - CANDY CHOCO,40
6130760003455,Boisson lacté CANDIA - CANDY FRAISE,40
6130760003479,Boisson lacté CANDIA - CANDY VANILLE,40
6130760006760,Boisson lacté SOUMMAM - L'ALGEROISE 1L,110
6130760006730,Boisson lacté SOUMMAM - L'ALGEROISE 20cl,30
6130760003554,Boisson lactée Aladin Chocolat 100g,30
6132504870101,Boisson lactée SPEEDO - Choco 125ml,35
6132504870118,Boisson lactée SPEEDO - Fraise 125ml,35
1000000017120,Bol jetable,15
6130760000454,Bonne et Double SOUMMAM,40
6130080000356,Bougie de gâteau - Chiffre 0,55
6130080000363,Bougie de gâteau - Chiffre 1,55
6130080000370,Bougie de gâteau - Chiffre 2,55
6130080000387,Bougie de gâteau - Chiffre 3,55
6130080000394,Bougie de gâteau - Chiffre 4,55
6130080000400,Bougie de gâteau - Chiffre 5,55
6130080000417,Bougie de gâteau - Chiffre 6,55
6130080000424,Bougie de gâteau - Chiffre 7,55
6130080000431,Bougie de gâteau - Chiffre 8,55
6130080000448,Bougie de gâteau - Chiffre 9,55
1000000039238,Bouilloire ARCODYM 2.2L,2860
1000000033182,Bouilloire SILVER CREST,4680
6131489000060,Bourak d'Alger EL AMINE PF - x10,135
1000000017519,BRAS MIXEUR GEANT inox GE-HBL2108,4651
1000000039184,BRAS mixeur BOSCH,10060
1000000037807,Brochettes bois jetable x 50,75
6130760006708,Buvable SOUMMAM 1L - Fraise,130
6130760006722,Buvable SOUMMAM 1L - Myrtille,130
6130760006715,Buvable SOUMMAM 1L - Panaché,130
6134371000087,Buvable SOUMMAM Mamzoudj - Fraise,25
6132501540151,CACAO AL BARAKA 100g - Noir,135
1000000008456,CACAO AL BARAKA 100g - marron,125
1000000031850,CADRE PHOTO,635
6136265000173,Café Arabica en grain ESPOIR 250g,315
6136265000265,Café Arabica en grain ESPOIR 700g,850
6132469800038,Café Bi-Café GOLD en verre de 90gr,740
6133566000154,Café CAPS GENTLEMEN x10 en capsule,420
6130080004903,Café Espresso BOUKHARI - 60g en capsule,430
8445290906847,Café NESCAFE CLASIC en pot de 95gr,820
1000000009279,Café en grain Arabica - vrac,1280
6130711010044,Café en grain grillé 100% arabica sac de 3kg,1300
6130711010129,Café en grain grillé 100% robusta en vrac,1000
1000000038576,Café instantané CITY ONE pot 190Gr/12,995
1000000038583,Café instantané CITY ONE pot 45Gr/12,320
6132101000044,Café moulu AROMA - 250g,270
6130384000076,Café moulu BENYAMINA - 250g,275
6130454000029,Café moulu BONA - 250g,300
6130836000012,Café moulu BOUKHARI - 250g,260
6133566000055,Café moulu GENTLEMEN - 250g,285
6131433000014,Café moulu MANAR - 250g,255
6133519000019,Café moulu MAZAGRAN - 250g,280
6133873000052,Café moulu NESCAFE GOLD en pot de 200gr,2300
6131804000010,Café moulu ROBERTO - 250g,285
6133566000031,Café moulu TOP GENTLEMEN - 250g,325
6131341000016,Café moulu maza - 250g,230
6135279601369,Calculatrice TECHNO Ref 6013,425
6135279601567,Calculatrice TECHNO Ref 6015,1071
6135279601765,Calculatrice TECHNO Ref 6017,1430
6132004245034,Cahier 288p TECHNO - 4503,425
6132004245041,Cahier 388p TECHNO - 4504,520
6132004245010,Cahier 96p TECHNO - 4501,130
6130760005268,Camembert SOUMMAM,155
6130304002167,Camonix MEDINA 150g,105
6130304002174,Camonix MEDINA 250g,155
6132524450116,Canapé ATLAL - PF,135
6132501300021,Canapé EL BARAKA - PF,135
6132501300014,Canapé EL BARAKA - x12,250
1000000032642,Canape aux Amandes,165
6130351000498,Couscous SIM 1kg,155
6130351001464,Couscous SIM 5kg,765
6130351001556,Couscous SIM complet 1kg,170
6132049000018,Couscous d'or 1kg,150
6133188000013,Couscous la baraka 1kg,155
6133839000027,Couscous safina 1kg,155
1000000041491,Couteau à pizza,510
6132204500056,Couvercle jetable PF - x20,85
6130760006241,Crème Dessert SOUMMAM - Caramel,30
6130760000140,Crème Dessert SOUMMAM - Chocolat,30
6130760000317,Crème Dessert SOUMMAM - Vanille,30
1000000009248,Crème Fraiche CANDIA 1L,1020
1000000033045,Crème Fraiche CANDIA 20cl,205
6130760006326,Crème Fraiche SOUMMAM 20cl,175
6130760002588,Crème Fraiche SOUMMAM 45cl,355
6131411000045,Crème chantilly AMINA 1Kg,1550
6131411000069,Crème chantilly AMINA 200g,355
6131411000052,Crème chantilly AMINA 500g,840
6130015011037,Crème chantilly EL BARAKA 100g,175
6130015011020,Crème chantilly EL BARAKA 200g,345
6134413000693,Crème chantilly EL BARAKA 50g,90
6132141000049,Crème chantilly EL MORDJENE 1Kg,1650
6132500710630,Crème chantilly EL MORDJENE 200g,370
6132500710647,Crème chantilly EL MORDJENE 500g,880
6132158011226,Crème chantilly MILA 200g,360
1000000038484,Cuillère jetable - x50,110
1000000027167,Cuillère à soupe inox - x12,650
1000000022414,Cuillère à soupe inox 18/10 x12,2100
1000000021653,Curcuma moulu - vrac,1100
1000000042436,Cuisinière 60x60 Beko,45200
1000000042443,Cuisinière 60x90 Condor,58400
1000000042450,Cuisinière 60x90 Eniem,51000
1000000042467,Cuisinière 60x90 Nardi,68200
1000000042474,Cuisinière 60x90 Raylan,55300
1000000042481,Cuisinière 60x90 Sonaric,49800
6130384000397,Dégraissant NIL 500ml,145
6130384000403,Dégraissant NIL 750ml,195
6135053000456,Dégraissant SAFYNET 500ml,180
1000000013320,Dattes - vrac,680
6132524450123,Dattes fourrés ATLAL,135
1000000036398,Beurre de vache ELASSIL 250g,420
1000000028935,Beurre de vache ELMARAA - vrac,1350
6134180220218,Beurre de vache GOYA x 500g,750
6132545850056,Beurre de vache LINA,1290
6132469800014,Bi-café GOLD 45g,408
1000000008432,Bicarbonate ANTAR 10gr,15
6132501540533,Biscuit AVANTAGE 300g,90
6135611000355,Biscuit AVIDO x3,100
6132501542964,Biscuit BESTO 220g,75
6132501543893,Biscuit BIFA spécial digestive (blé complet),45
6133414009803,Biscuit BISCUP,100
6131484000195,Biscuit BRILLANCE 35g,15
6132501540311,Biscuit BRINO,25
6130896000243,Biscuit BRIX 110g,30
6130896000205,Biscuit BRIX 30g,10
6130896000229,Biscuit BUENTO,25
6132501549048,Biscuit Barre ma mosaique,10
6130619003087,Biscuit CHERCHELL 85g,25
6133379000020,Biscuit CROQUET,25
6132175401598,Biscuit Celibrity au lait,45
6135931000516,Biscuit DAYS promo-3P,95
6132501549833,Biscuit DUNAROLL - Maxi,85
6130426001245,Biscuit EL WAFI - Digestif,40
6130426001252,Biscuit EL WAFI - New B,45
6133414003726,Biscuit Family MAXON x 10 380g,220
6133414006932,Biscuit HAPPY WAFER - Choco 30g,10
6132501543886,Biscuit MAXI 150g,45
6133414000428,Biscuit MAXON 110g - Gouter,45
6133414000435,Biscuit MAXON 220g - Gouter,90
6133414000343,Biscuit MAXON 330g - Gouter,135
6133414008547,Biscuit MAXON mon gouter 135g,45
6132501540700,Biscuit MOUIZ,15
6132501540410,Biscuit PALMA,15
6133414007625,Biscuit Petit Beurre MAXON 160g,55
6133414000084,Biscuit Petit Beurre MAXON 320g,105
6135611000102,Biscuit Prince NELLO GF,15
6135611000089,Biscuit Prince NELLO PF,10
6133414000176,Biscuit SABLITO 300g,105
6133414000183,Biscuit SABLITO 80g,35
6135611000362,Biscuit SANDY x3,100
6132501542476,Biscuit SUPER 100g,25
6132501542490,Biscuit SUPER 1Kg,230
6132501542483,Biscuit SUPER 400g,95
6132501541011,Biscuit TABAREK 150g,35
6133414000244,Biscuit TARTELETTE 300g,105
6133414000251,Biscuit TARTELETTE 80g,35
6133379000143,Biscuit TIGRE,25
6131484000065,Biscuit TOUAREG 35g,15
6132501540304,Biscuit TRINO,25
6130000000002,Biscuit d'or - vrac,680
6135611000348,Biscuit fourré BIDO x3,100
6130619003056,Biscuit fourré CHERCHELL PF - x5,100
6132501549116,Biscuit fourré CHOC-UP,25
6135931000639,Biscuit fourré DAYS,35
6135611000454,Biscuit fourré GOLI GF - Promo x3,100
6135611000010,Biscuit fourré GOLI PF - Promo x5,100
6135611000416,Biscuit fourré LORI PF - Promo x5,100
6133414001043,Biscuit fourré MAXON 110g,55
6133414001036,Biscuit fourré MAXON 180g,85
6135611000447,Biscuit fourré MICOS - Promo x3,100
6135611000195,Biscuit fourré MONBIS - Promo x4,100
6135611000096,Biscuit fourré NELLO GF - Promo x3,100
6135611000072,Biscuit fourré NELLO PF - Promo x3,100
6135611000614,Biscuit fourré OUMNIA,70
6130015061032,Biscuit fourré PESOS 200g,80
6132501549703,Biscuit fourré SANDWICH - TYMO,25
6133414008134,Biscuit gaufrette MAXON - Choco 30g,15
6130760003462,Boisson lacté CANDIA - CANDY CHOCO,40
6130760003455,Boisson lacté CANDIA - CANDY FRAISE,40
6130760003479,Boisson lacté CANDIA - CANDY VANILLE,40
6130760006760,Boisson lacté SOUMMAM - L'ALGEROISE 1L,110
6130760006730,Boisson lacté SOUMMAM - L'ALGEROISE 20cl,30
6130760003554,Boisson lactée Aladin Chocolat 100g,30
6132504870101,Boisson lactée SPEEDO - Choco 125ml,35
6132504870118,Boisson lactée SPEEDO - Fraise 125ml,35
1000000017120,Bol jetable,15
6130760000454,Bonne et Double SOUMMAM,40
6130080000356,Bougie de gâteau - Chiffre 0,55
6130080000363,Bougie de gâteau - Chiffre 1,55
6130080000370,Bougie de gâteau - Chiffre 2,55
6130080000387,Bougie de gâteau - Chiffre 3,55
6130080000394,Bougie de gâteau - Chiffre 4,55
6130080000400,Bougie de gâteau - Chiffre 5,55
6130080000417,Bougie de gâteau - Chiffre 6,55
6130080000424,Bougie de gâteau - Chiffre 7,55
6130080000431,Bougie de gâteau - Chiffre 8,55
6130080000448,Bougie de gâteau - Chiffre 9,55
1000000039238,Bouilloire ARCODYM 2.2L,2860
1000000033182,Bouilloire SILVER CREST,4680
6131489000060,Bourak d'Alger EL AMINE PF - x10,135
1000000017519,BRAS MIXEUR GEANT inox GE-HBL2108,4651
1000000039184,BRAS mixeur BOSCH,10060
1000000037807,Brochettes bois jetable x 50,75
6130760006708,Buvable SOUMMAM 1L - Fraise,130
6130760006722,Buvable SOUMMAM 1L - Myrtille,130
6130760006715,Buvable SOUMMAM 1L - Panaché,130
6134371000087,Buvable SOUMMAM Mamzoudj - Fraise,25
6132501540151,CACAO AL BARAKA 100g - Noir,135
1000000008456,CACAO AL BARAKA 100g - marron,125
1000000031850,CADRE PHOTO,635
6136265000173,Café Arabica en grain ESPOIR 250g,315
6136265000265,Café Arabica en grain ESPOIR 700g,850
6132469800038,Café Bi-Café GOLD en verre de 90gr,740
6133566000154,Café CAPS GENTLEMEN x10 en capsule,420
6130080004903,Café Espresso BOUKHARI - 60g en capsule,430
8445290906847,Café NESCAFE CLASIC en pot de 95gr,820
1000000009279,Café en grain Arabica - vrac,1280
6130711010044,Café en grain grillé 100% arabica sac de 3kg,1300
6130711010129,Café en grain grillé 100% robusta en vrac,1000
1000000038576,Café instantané CITY ONE pot 190Gr/12,995
1000000038583,Café instantané CITY ONE pot 45Gr/12,320
6132101000044,Café moulu AROMA - 250g,270
6130384000076,Café moulu BENYAMINA - 250g,275
6130454000029,Café moulu BONA - 250g,300
6130836000012,Café moulu BOUKHARI - 250g,260
6133566000055,Café moulu GENTLEMEN - 250g,285
6131433000014,Café moulu MANAR - 250g,255
6133519000019,Café moulu MAZAGRAN - 250g,280
6133873000052,Café moulu NESCAFE GOLD en pot de 200gr,2300
6131804000010,Café moulu ROBERTO - 250g,285
6133566000031,Café moulu TOP GENTLEMEN - 250g,325
6131341000016,Café moulu maza - 250g,230
6135279601369,Calculatrice TECHNO Ref 6013,425
6135279601567,Calculatrice TECHNO Ref 6015,1071
6135279601765,Calculatrice TECHNO Ref 6017,1430
6132004245034,Cahier 288p TECHNO - 4503,425
6132004245041,Cahier 388p TECHNO - 4504,520
6132004245010,Cahier 96p TECHNO - 4501,130
6130760005268,Camembert SOUMMAM,155
6130304002167,Camonix MEDINA 150g,105
6130304002174,Camonix MEDINA 250g,155
6132524450116,Canapé ATLAL - PF,135
6132501300021,Canapé EL BARAKA - PF,135
6132501300014,Canapé EL BARAKA - x12,250
1000000032642,Canape aux Amandes,165
6130351000498,Couscous SIM 1kg,155
6130351001464,Couscous SIM 5kg,765
6130351001556,Couscous SIM complet 1kg,170
6132049000018,Couscous d'or 1kg,150
6133188000013,Couscous la baraka 1kg,155
6133839000027,Couscous safina 1kg,155
1000000041491,Couteau à pizza,510
6132204500056,Couvercle jetable PF - x20,85
6130760006241,Crème Dessert SOUMMAM - Caramel,30
6130760000140,Crème Dessert SOUMMAM - Chocolat,30
6130760000317,Crème Dessert SOUMMAM - Vanille,30
1000000009248,Crème Fraiche CANDIA 1L,1020
1000000033045,Crème Fraiche CANDIA 20cl,205
6130760006326,Crème Fraiche SOUMMAM 20cl,175
6130760002588,Crème Fraiche SOUMMAM 45cl,355
6131411000045,Crème chantilly AMINA 1Kg,1550
6131411000069,Crème chantilly AMINA 200g,355
6131411000052,Crème chantilly AMINA 500g,840
6130015011037,Crème chantilly EL BARAKA 100g,175
6130015011020,Crème chantilly EL BARAKA 200g,345
6134413000693,Crème chantilly EL BARAKA 50g,90
6132141000049,Crème chantilly EL MORDJENE 1Kg,1650
6132500710630,Crème chantilly EL MORDJENE 200g,370
6132500710647,Crème chantilly EL MORDJENE 500g,880
6132158011226,Crème chantilly MILA 200g,360
1000000038484,Cuillère jetable - x50,110
1000000027167,Cuillère à soupe inox - x12,650
1000000022414,Cuillère à soupe inox 18/10 x12,2100
1000000021653,Curcuma moulu - vrac,1100
1000000042436,Cuisinière 60x60 Beko,45200
1000000042443,Cuisinière 60x90 Condor,58400
1000000042450,Cuisinière 60x90 Eniem,51000
1000000042467,Cuisinière 60x90 Nardi,68200
1000000042474,Cuisinière 60x90 Raylan,55300
1000000042481,Cuisinière 60x90 Sonaric,49800
6130384000397,Dégraissant NIL 500ml,145
6130384000403,Dégraissant NIL 750ml,195
6135053000456,Dégraissant SAFYNET 500ml,180
1000000013320,Dattes - vrac,680
6132524450123,Dattes fourrés ATLAL,135
1000000036688,Déodorant ADIDAS 150ml,480
6130024040134,Déodorant VENUS 150ml,255
1000000017120,Déodorant homme AXE 150ml,550
6135053000517,Détartrant SAFYNET 1L,135
6135053000524,Détartrant SAFYNET 3L,385
6130024160412,Dissolvant VENUS 125ml,125
6130024160351,Dissolvant VENUS 60ml,80
6130760002595,DIALNA mini SOUMMAM,15
6130760002359,DIALNA 100g SOUMMAM,20.5
6132417700137,EL-ASSIL 1L,165
1000000011074,Eau de toilette CHAIRMAN 10cl,780
6130640010726,Eau de toilette DOLLE-OUD - Absolu 10cl,365
6130640010757,Eau de toilette DOLLE-OUD - Imperial 10cl,365
6137012000026,Eau minérale CRISTA 5L,80
1000000034776,Eau minérale BOUGLEZ 0.5L,18
6130576000020,Eau minérale BOUGLEZ 1.5L,220
6130576001386,Eau minérale BOUGLEZ 1L,235
1000000040098,Eau minérale CRISTAL 1.5L,190
6130517000430,Eau minérale DJURDJURA 5L,70
6130287000029,Eau minérale EL GOLEA 0.5L,20
6130287000012,Eau minérale EL GOLEA 1.5L,230
6134720000010,Eau minérale ELGHADIR 1.5L,165
6130758000046,Eau minérale GUEDILA 1.5L,170
1000000030259,Eau minérale HIROUCHE 5.5L,80
6130093010045,Eau minérale IFRI 0.5L,195
6130093055077,Eau minérale IFRI 1.5L,175
6130093050140,Eau minérale IFRI 5L,125
6130101000020,Eau minérale LALLA KHEDIDJA 0.5L,22
6130101000013,Eau minérale LALLA KHEDIDJA 1.5L,235
6130101000204,Eau minérale LALLA KHEDIDJA 5L,85
6130230000014,Eau minérale MESSAD 1.5L,190
6130230000021,Eau minérale MESSAD 5.5L,110
1000000022155,Eau minérale MOZAIA 0.5L,155
6130104000027,Eau minérale MOZAIA 1.5L,190
6130104001437,Eau minérale MOZAIA 5L,85
6130022000017,Eau minérale SAIDA 1.5L,215
6130022000024,Eau minérale SAIDA 5L,120
6131481000029,Eau minérale TESSALA 1.5L,190
6130138000024,Eau minérale YOUKOUX 1.5L,180
1000000021578,Eau minérale YOUKOUX 5L,85
6132296000021,Eau de source MESSAD 1.5L,190
6130384000359,Eau oxygénée 10v 125ml,100
6130384000366,Eau oxygénée 20v 125ml,110
6130384000373,Eau oxygénée 30v 125ml,120
6135279203336,Eponge à tableau TECHNO PF - 2033,51
6135279203343,Eponge à tableau TECHNO GM - 2034,85
6134673000518,Essuie-tout FABRO 2R,160
1000000034257,Etagère à chaussure,1850
1000000028454,Evaporateur d'air GEANT,38600
6130760000836,FORT SOUMMAM,25
6133414003726,Family MAXON x 10 380g,220
6132524450123,Farine ATLAL 1kg,110
6130234000256,Farine MEDINA 1kg,105
6130234000300,Farine MEDINA 5kg,510
6130351000016,Farine SIM 1kg,110
6130351000023,Farine SIM 5kg,520
6132049000018,Farine d'or 1kg,105
1000000021578,Farine de pois chiche - vrac,450
1000000021653,Fenouil moulu - vrac,1350
1000000021660,Fenugrec moulu - vrac,850
6134598005247,Fixateur de parfum BEAUTIFY 250ml,635
1000000041286,Flocon d'avoine - vrac,680
6135038000013,Fromage RICHE-LAIT - 250g,580
6130136200235,Fromage fondu BERBERE 24 p,245
6130136200242,Fromage fondu BERBERE 32 p,320
6130136200228,Fromage fondu BERBERE 8 p,85
6130760001222,Fromage fondu SOUMMAM 24 p,255
6130760001239,Fromage fondu SOUMMAM 32 p,335
6130760001215,Fromage fondu SOUMMAM 8 p,90
6130015061032,Fromage à tartiner EL BARAKA 200g,280
6132501703594,Fromage à tartiner MONT D'OR - 200g,160
6135231002135,Fromage à tartiner MONT D'OR cheddar - 450g,360
6135231002142,Fromage à tartiner MONT D'OR edam - 450g,360
6135231000971,Fromage à tartiner MONT D'OR - 800g,415
6135231003057,Fromage à tartiner MONT D'OR cheddar - 800g,435
1000000030259,Friteuse SEB Actifry,32500
1000000043877,Friteuse à air chaud MULTISMART,12500
1000000013139,Gaufrette EL-ASSIL - vrac,650
6132011600079,Gaufrette KIMOU 30g,15
6133414008134,Gaufrette MAXON - Choco 30g,15
6135611000348,Gaufrette MICOS PF - x5,100
6130619003056,Gaufrette NELLO PF - x5,100
6130426001245,Gaufrette SABLITO 80g,35
6130426001252,Gaufrette TARTELETTE 80g,35
6132175401598,Gaufrette Celibrity au lait,45
6133414003726,Genoise MAXON x 10 380g,220
6133414008523,Genoise MAXON mon gouter PM,25
6130624000286,Glace CASA + MONTELLO cornito 10cl,55
6132501703594,Glace CASA + MONTELLO mini,35
6132501704393,Glace CASA Royal + YETI barquette 1.2L - Mélange,260
6132501703112,Glace CASA et MONTILLO pot de 120ml,35
6130250000636,Glace GINI SCOUBIDOU 9cl,50
6130250000049,Glace GINI SKIPPER 10cl,70
6135627000127,Glace GINI barquette 0.5L - Fraise,160
6130250000216,Glace GINI barquette 1.2L,360
6132501702276,Glace GINI barquette 1L - Mélange,250
6130250000551,Glace GINI cornito 10cl,70
6135627000110,Glace GINI pot de 120ml - Chocolat,45
6135627000233,Glace GINI pot de 120ml - Fraise,45
6135627000134,Glace GINI pot de 120ml - Vanille,45
6135627000356,Glace GINI pot de 500ml - Chocolat,165
6135627000363,Glace GINI pot de 500ml - Fraise,165
6135627000370,Glace GINI pot de 500ml - Vanille,165
6130250000032,Glace GINI skip PF,40
6132501701385,Glace MONT D'OR barquette 1L - Mélange,245
6132501701224,Glace MONT D'OR pot de 120ml - Chocolat,40
6130624000071,Glace MONTELLO barquette 1L - Mélange,235
6130624000118,Glace MONTELLO pot de 120ml - Fraise,40
6130624000132,Glace MONTELLO pot de 120ml - Vanille,40
1000000021660,Graine de pavot - vrac,1250
1000000021677,Graine de sésame - vrac,850
6130214300239,Graine de tournesol - vrac,515
6134557000047,Gratte-éponge FABRO x2,65
6134766001057,Grille-pain SILVER CREST,3850
6132253000620,Gel machine AMIR-CLEAN 2.5L,675
6132158200064,Gel machine DOTEX 10L,1100
6132265000021,Gel machine LIFE - 1.5L,250
6133275001107,Gel machine LIFE - 2.5L,370
6133873000342,Gel machine Rodex 10L,915
6130234000256,Glace CASA + MONTELLO cornito 10cl,55
6130234000300,Glace CASA + MONTELLO mini,35
6130351000016,Glace CASA Royal + YETI barquette 1.2L - Mélange,260
6130351000023,Glace CASA et MONTILLO pot de 120ml,35
6132049000018,Glace GINI SCOUBIDOU 9cl,50
1000000021578,Glace GINI SKIPPER 10cl,70
1000000021653,Glace GINI barquette 0.5L - Fraise,160
1000000021660,Glace GINI barquette 1.2L,360
6134598005247,Glace GINI barquette 1L - Mélange,250
1000000041286,Glace GINI cornito 10cl,70
6135038000013,Glace GINI pot de 120ml - Chocolat,45
6130136200235,Glace GINI pot de 120ml - Fraise,45
6130136200242,Glace GINI pot de 120ml - Vanille,45
6130136200228,Glace GINI pot de 500ml - Chocolat,165
6130760001222,Glace GINI pot de 500ml - Fraise,165
6130760001239,Glace GINI pot de 500ml - Vanille,165
6130760001215,Glace GINI skip PF,40
6130015061032,Glace MONT D'OR barquette 1L - Mélange,245
6132501703594,Glace MONT D'OR pot de 120ml - Chocolat,40
6135231002135,Glace MONTELLO barquette 1L - Mélange,235
6135231002142,Glace MONTELLO pot de 120ml - Fraise,40
6135231000971,Glace MONTELLO pot de 120ml - Vanille,40
6135231003057,Harissa EL-BAHIA 125g,45
1000000030259,Harissa EL-BAHIA 500g,160
1000000043877,Harissa MEDINA 125g,45
1000000013139,Harissa MEDINA 340g,105
6132011600079,Harissa MEDINA 500g,155
6133414008134,Harissa MEDINA PF,35
6135611000348,Huile d'olive EL-WAFI 0.5L,425
6130619003056,Huile d'olive EL-WAFI 1L,815
6130426001245,Huile d'olive EL-WAFI 2L,1550
6130426001252,Huile d'olive EL-WAFI 3L,2250
6132175401598,Huile d'olive EL-WAFI 5L,3650
6133414003726,Huile d'olive ZITOUNA 0.5L,385
6133414008523,Huile d'olive ZITOUNA 1L,755
6130624000286,Huile d'olive ZITOUNA 2L,1450
6132501703594,Huile d'olive ZITOUNA 5L,3550
6132501704393,Huile de tournesol ELIO 1L,215
6132501703112,Huile de tournesol ELIO 2L,425
6130250000636,Huile de tournesol ELIO 5L,1025
6130250000049,Huile de tournesol FLEURIAL 1L,225
6135627000127,Huile de tournesol FLEURIAL 2L,445
6130250000216,Huile de tournesol FLEURIAL 5L,1075
6132501702276,Huile de tournesol SIM 1L,210
6130250000551,Huile de tournesol SIM 2L,415
6135627000110,Huile de tournesol SIM 5L,1005
6135627000233,Imprimante CANON Laser SFP I-SENSY LBP6030,53500
6135627000134,Imprimante EPSON L3250 (3251),42250
6135627000356,Insecticide CASA 75cl,355
6135627000363,Insecticide KLASH 400ml,185
6135627000370,Insecticide KLASH 500ml,370
6130250000032,Javel AMIR 1L,85
6132501701385,Javel AMIR 2L,165
6132501701224,Javel AMIR 5L,385
6130624000071,Javel SAFYNET 1L,75
6130624000118,Javel SAFYNET 2L,145
6130624000132,Javel SAFYNET 5L,355
1000000021660,Kachir BELLAT 500g,145
1000000021677,Kachir FROM,355
6130214300239,Karantita EL AMINE SACHET DE 400g,195
6134557000047,Karchèr BOOMAN 9016CB,12500
6134766001057,Ketchup MEDINA 250g,95
6132253000620,Ketchup MEDINA 500g,175
6132158200064,Lait 1/2 écrémé CANDIA 1L,125
6132265000021,Lait 1/2 écrémé CANDIA 5cl,70
6133275001107,Lait entier CANDIA 1L,135
6133873000342,Lait entier CANDIA 5cl,75
6130234000256,Lait en poudre LOYA 400g,485
6130234000300,Lait en poudre LOYA 800g,955
6130351000016,Lait en poudre NESMA 400g,455
6130351000023,Lait en poudre NESMA 500g,510
6132049000018,Lait en poudre PURISIMA 500g,445
1000000021578,Lait en poudre SPEEDO 500g,560
1000000021653,Lait en poudre SEVEN SPRAY 500g,510
1000000021660,Lait pour nourrisson APTAMIL 1,920
1000000021677,Lait pour nourrisson APTAMIL 2,920
6134598005247,Lait pour nourrisson BIOMIL 1 ans - 400g,785
1000000041286,Lait pour nourrisson BIOMIL PLUS 1 ans,760
6135038000013,Lait pour nourrisson BIOMIL PLUS 2 ans,815
6130136200235,Lait pour nourrisson BLEDILAIT de 1 à 3 ans,655
6130136200242,Lait pour nourrisson FRANCE LAIT 1,820
6130136200228,Lait pour nourrisson FRANCE LAIT 2,820
6130760001222,Lait pour nourrisson FRANCE LAIT 3,820
6130760001239,Lait pour nourrisson NOVALAC 1,850
6130760001215,Lait pour nourrisson NOVALAC 2,860
6130015061032,Lait pour nourrisson NOVALAC 3,850
6132501703594,Lait pour nourrisson NURSIE 1 - 400g,755
6135231002135,Lait pour nourrisson NURSIE 1 - Confort,865
6135231002142,Lait pour nourrisson NURSIE 2 - 400g,755
6135231000971,Lait pour nourrisson NURSIE 2 - Confort,815
6135231003057,Lait sans Lactose CANDIA 1L,135
1000000030259,Lame MINORA x5,50
1000000043877,Lame PRIME x5,85
1000000013139,Lame rasoir BIG BEN 2,140
6132011600079,Lampe Led TASSILI 18W,365
6133414008134,Lampe PHILIPS - 75w,70
6135611000348,Lampe classic - 75w,60
6130619003056,Lampe led 12w,200
6130426001245,Lampe led 15W,250
6130426001252,Lampe led ALL - 18w,280
6132175401598,Lampe led FANOUS 16w,230
6133414003726,Lampe led FINOR 18W,350
6133414008523,Lampe led FINOR 30W,630
6130624000286,Lampe économique TASSILI 12W,185
6132501703594,Langue d'oiseau ALBARAKA 500g,80
6132501704393,Langue d'oiseau BENAMOR 500g,90
6132501703112,Langue d'oiseau BENHAMADI 500g,85
6130250000636,Langue d'oiseau MAMA 500g,85
6130250000049,Langue d'oiseau SAFINA 500g,85
6135627000127,Langue d'oiseau SIM 500g,65.5
6130250000216,Lave glace AMIS 3L,380
6132501702276,Lave vitre AMIS 500ml,130
6130250000551,Lessive machine AMIR-CLEAN 2.5L,675
6135627000110,Lessive machine DOTEX 10L,1100
6135627000233,Lessive machine LIFE - 1.5L,250
6135627000134,Lessive machine LIFE - 2.5L,370
6135627000356,Lessive machine Rodex 10L,915
6135627000363,Levure boulangère SAF-INSTANT 125g,135
6135627000370,Levure boulangère SAF-INSTANT 500g,415
6130250000032,Limonade HAMOUD BOUALEM 1L,95
6132501701385,Limonade HAMOUD BOUALEM 2L,175
6132501701224,Limonade IFRI 1L,85
6130624000071,Limonade IFRI 2L,165
6130624000118,Liquide linge LE-CHAT 2.5L - L.A,850
6130624000132,Liquide linge LE-CHAT 900ml,305
1000000021660,Liquide linge RODEX 10L - L.A,935
1000000021677,Liquide vaisselle AMIR 1L,145
6130214300239,Liquide vaisselle AMIR 500ml,85
6134557000047,Liquide vaisselle AMIS 1L,135
6134766001057,Liquide vaisselle AMIS 500ml,75
6132253000620,Liquide vaisselle NIL 1L,125
6132158200064,Liquide vaisselle NIL 500ml,70
6132265000021,Liquide vaisselle SAFYNET 1L,115
6133275001107,Liquide vaisselle SAFYNET 500ml,65
6133873000342,Louche inox,510
6130234000256,Lustre à pampilles,8500
6130234000300,Maca ALBARAKA 500g,80
6130351000016,Maca BENAMOR 500g,90
6130351000023,Maca BENHAMADI 500g,85
6132049000018,Maca MAMA 500g,85
1000000021578,Maca SAFINA 500g,85
1000000021653,Maca SIM 500g,65.5
1000000021660,Macaroni ALBARAKA 500g,80
1000000021677,Macaroni BENAMOR 500g,90
6134598005247,Macaroni BENHAMADI 500g,85
1000000041286,Macaroni MAMA 500g,85
6135038000013,Macaroni SAFINA 500g,85
6130136200235,Macaroni SIM 500g,65.5
6130136200242,Maizena AL BARAKA 100g,55
6130136200228,Maizena AL BARAKA 500g,195
6130760001222,Maizena MEDINA 100g,50
6130760001239,Maizena MEDINA 500g,185
6130760001215,Margarine FLEURIAL 250g,135
6130015061032,Margarine FLEURIAL 500g,255
6132501703594,Margarine LABLABELLE 250g,125
6135231002135,Margarine LABLABELLE 500g,235
6135231002142,Margarine MANI 250g,130
6135231000971,Margarine MANI 500g,245
6135231003057,Margarine MATINA 250g,135
1000000030259,Margarine MATINA 500g,255
1000000043877,Margarine SOL 250g,130
1000000013139,Margarine SOL 500g,245
6132011600079,Mayonnaise MEDINA 250g,135
6133414008134,Mayonnaise MEDINA 500g,245
6135611000348,Micro-onde ARISTON 25L,33050
6130619003056,Micro-onde ARISTON 30L,39250
6130426001245,Mixeur plongeant MULTISMART,1765
6130426001252,Mouche bébé,1250
6132175401598,Moutarde MEDINA 250g,115
6133414003726,Moutarde SIDNA 340g,165
6133414008523,Nappe en plastique 2x100cm,50
6130624000286,Nescafé CLASSIC DOYPACK 180g,1250
6132501703594,Nescafé CLASSIC DOYPACK 45g,325
6132501704393,Nettoyant multi-usage AMIS 1L,220
6132501703112,Nettoyant multi-usage NIL 1L,185
6130250000636,Nid d'abeille,3550
6130250000049,Nouilles chinoises,125
6135627000127,Oeufs - plateau de 30,550
6130250000216,Oignon - vrac,125
6132501702276,Olives noires - vrac,515
6130250000551,Olives vertes - vrac,450
6135627000110,Orange - vrac,185
6135627000233,Orge moulu - vrac,135
6135627000134,Paille jetable x 50,75
6135627000356,Pain de mie complet,185
6135627000363,Pain de mie nature,165
6135627000370,Panier à linge,1250
6130250000032,Papier aluminium 10m,290
6132501701385,Papier aluminium 20m,550
6132501701224,Papier aluminium 5m,160
6130624000071,Papier cuisson 10m,250
6130624000118,Papier cuisson 5m,135
6130624000132,Papier hygiénique FABRO 12R,450
1000000021660,Papier hygiénique FABRO 2R,85
1000000021677,Papier hygiénique FABRO 4R,165
6130214300239,Papier hygiénique FABRO 6R,245
6134557000047,Papier toilette,85
6134766001057,Parfum d'ambiance 250ml,385
6132253000620,Parfum d'ambiance 500ml,650
6132158200064,Passoire inox,650
6132265000021,Pate à modeler 12 couleurs,350
6133275001107,Pate à modeler 6 couleurs,185
6133873000342,Pate à tartiner EL MORDJENE 200g,285
6130234000256,Pate à tartiner EL MORDJENE 700g,850
6130234000300,Pate à tartiner MAXON 200g,245
6130351000016,Pate à tartiner MAXON 400g,455
6130351000023,Pate à tartiner MAXON 700g,755
6132049000018,Pates alimentaires ALBARAKA 500g,80
1000000021578,Pates alimentaires BENAMOR 500g,90
1000000021653,Pates alimentaires BENHAMADI 500g,85
1000000021660,Pates alimentaires MAMA 500g,85
1000000021677,Pates alimentaires SAFINA 500g,85
6134598005247,Pates alimentaires SIM 500g,65.5
1000000041286,Pelle avec brosse FABRO,250
6135038000013,Pelle avec brosse MAGIC,125
6130136200235,Pelle avec manche FABRO,250
6130136200242,Petit four CRAKS 900gr,205
6130136200228,Petit four KIMOU x 10p,100
6130760001222,Petit suisse nature SOUMMAM,20
6130760001239,Petit suisse sucré SOUMMAM,25
6130760001215,Piles AA x4,150
6130015061032,Piles AAA x4,150
6132501703594,Pince à linge x 12,125
6135231002135,Pince à linge x 24,245
6135231002142,Pinceau à pâtisserie,125
6135231000971,Pistache décortiquée - vrac,4500
6135231003057,Pistache en coque - vrac,3850
1000000030259,Planche à découper,650
1000000043877,Plateau de service,1250
1000000013139,Plat à four,1850
6132011600079,Plomb,50
6133414008134,Poivre blanc moulu - vrac,2850
6135611000348,Poivre noir moulu - vrac,2250
6130619003056,Pomme - vrac,285
6130426001245,Pomme de terre - vrac,105
6130426001252,Portable REALMI C71 8GB / 256GB,37740
6132175401598,Portable REALMI C75 8GB / 256GB,39780
6133414003726,Portable REALMI C75 8GB / 128GB,40500
6133414008523,Portable REALMI C75 X 8GB / 128GB,41500
6130624000286,Portable REALMI NEO 7 Turbo 12GB / 256GB,76500
6132501703594,Portable REALMI13 - 5G 8GB / 256GB,54000
6132501704393,Portable REDMI A3 4GB/128,23900
6132501703112,Portable REDMI A5 4GB/128,24480
6130250000636,Portable REDMI NOTE 14 6GB/128,35700
6130250000049,Portable SAMSUNG A06 4/64,26520
6135627000127,Portable SAMSUNG A07 4/64,24990
6130250000216,Portable SAMSUNG A16 6GB /128GB,39500
6132501702276,Portable SAMSUNG A16 4/128,33660
6130250000551,Portable SAMSUNG A16 6/128,40800
6135627000110,Portable SAMSUNG A16 8/128,38760
6135627000233,Portable SAMSUNG A16 8/256,41310
6135627000134,Pot à lait inox,850
6135627000356,Pot à moutarde,85
6135627000363,Pot à sel,50
6135627000370,Poudre lavage à main BINGO 300g,100
6130250000032,Poudre lavage à main ISIS 300g,95
6132501701385,Poudre lavage à main TEST 420g,110
6132501701224,Poudre lavage à main TEST 750g,210
6130624000071,Poudre linge AIGLE 2.5Kg,745
6130624000118,Poudre linge AIGLE 2.5Kg Power7 - L.A,665
6130624000132,Poudre linge BINGO Anti-bactérie 300g,110
1000000021660,Poudre linge BINGO Anti-bactérie 750g,265
1000000021677,Poudre linge BINGO anti-odeurs 750g,230
6130214300239,Poudre linge ISIS 1.5Kg,425
6134557000047,Poudre linge ISIS 750g,220
6134766001057,Poudre linge LE-CHAT 300g,100
6132253000620,Poudre linge LE-CHAT 750g,225
6132158200064,Poudre linge OMO 300g,110
6132265000021,Poudre linge OMO 580g,180
6133275001107,Poudre linge OMO 800g,240
6133873000342,Poudre linge TEST 2.5Kg - L.A,650
6130234000256,Poudre linge TEST 750g,210
6130234000300,Poudre linge TEST OXY POWER 1500g,435
6130351000016,Poudre linge TEST OXY POWER 2.5Kg,755
6130351000023,Pruneau sec - vrac,1250
6132049000018,Purée de tomate MEDINA 500g,135
1000000021578,Radis - vrac,85
1000000021653,Raisin sec - vrac,1150
1000000021660,Râpe à fromage,250
1000000021677,Réchaud gaz,2500
6134598005247,Réfrigérateur BEKO,85200
1000000041286,Réfrigérateur CONDOR,68400
6135038000013,Réfrigérateur ENIEM,55000
6130136200235,Riz AL BARAKA 1kg,195
6130136200242,Riz MEDINA 1kg,185
6130136200228,Riz SIM 1kg,175
6130760001222,Riz d'or 1kg,170
6130760001239,Robot pâtissier MULTISMART,3085
6130760001215,Rouleau à pâtisserie,250
6130015061032,Sable,50
6132501703594,Sac à ordures x 10,135
6135231002135,Sac à pain,85
6135231002142,Sac poubelle,125
6135231000971,Saladiers inox,850
6135231003057,Salière,50
1000000030259,Sardine EL-BAHIA 125g,135
1000000043877,Sardine MEDINA 125g,125
1000000013139,Savon liquide AMIR 1L,215
6132011600079,Savon liquide AMIR 500ml,125
6133414008134,Savon liquide AMIS 1L,195
6135611000348,Savon liquide AMIS 500ml,115
6130619003056,Savon liquide NIL 1L,185
6130426001245,Savon liquide NIL 500ml,115
6130426001252,Savon liquide SAFYNET 1L,175
6132175401598,Savon liquide SAFYNET 500ml,105
6133414003726,Semoule MEDINA 1kg,140
6133414008523,Semoule MEDINA 5kg,680
6130624000286,Semoule SIM 1kg,145
6132501703594,Semoule SIM 5kg,710
6132501704393,Serpillière FABRO,185
6132501703112,Serpillière MAGIC,125
6130250000636,Serviette de table x 50,110
6130250000049,Shampoing DAHLIA 200ml,190
6135627000127,Shampoing GLISS 360ml,430
6130250000216,Shampoing VENUS 1L,385
6132501702276,Shampoing VENUS 500ml,225
6130250000551,Sifflet,25
6135627000110,Sirop DELICIAS Anis 1L,295
6135627000233,Sirop DELICIAS Citron 1L,295
6135627000134,Sirop DELICIAS Grenadine 1L,295
6135627000356,Sirop DELICIAS Menthe 1L,295
6135627000363,Sirop DELICIAS Mojito 1L,295
6135627000370,Sommier simple,8755
6130250000032,Sourire,25
6132501701385,Soutien-gorge,350
6132501701224,Spaghetti ALBARAKA 500g,80
6130624000071,Spaghetti BENAMOR 500g,90
6130624000118,Spaghetti BENHAMADI 500g,85
6130624000132,Spaghetti MAMA 500g,85
1000000021660,Spaghetti SAFINA 500g,85
1000000021677,Spaghetti SIM 500g,65.5
6130214300239,Stylo à bille x 10,135
6134557000047,Sucre AL BARAKA 1kg,105
6134766001057,Sucre MEDINA 1kg,100
6132253000620,Sucre glace AL BARAKA 500g,125
6132158200064,Sucre glace MEDINA 500g,115
6132265000021,Sèche-cheveux MULTISMART,2500
6133275001107,Table à repasser,3850
6133873000342,Tagine inox,2100
6130234000256,Tambour,150
6130234000300,Tapis de cuisine,1250
6130351000016,Tasse à café x 6,850
6130351000023,Tasse à thé x 6,1050
6132049000018,Teinture pour cheveux,350
1000000021578,Téléphone fixe,2500
1000000021653,Téléviseur STREAM 43",57680
1000000021660,Téléviseur STREAM 50",80000
1000000021677,Thermos 1L,1250
6134598005247,Thermos 2L,1850
1000000041286,Tisane EL-NIL Verveine,125
6135038000013,Tomate conserve HELLO 500g,165
6130136200235,Tomate conserve MEDINA 500g,155
6130136200242,Torchon de cuisine,85
6130136200228,Trousse scolaire,250
6130760001222,Ustensiles de cuisine,350
6130760001239,Vaisselle jetable,195
6130760001215,Vase en verre,850
6130015061032,Vinaigre MEDINA 1L,55
6132501703594,Vinaigre SIDNA 1L,65
6135231002135,Yaourt Nature SOUMMAM,25
6135231002142,Yaourt SOUMMAM Banakouta,35
6135231000971,Yaourt au fruits Bicouche SOUMMAM,35
6135231003057,Yaourt brassé SOUMMAM Mamzoudj,25
1000000030259,Yaourt flan SOUMMAM - CARAMEL,30  
