1000000039306;Acces Vapeur Force MULTISMART 2000W 30g
1000000042191;Aspirateur Balai Sans Fil MULTISMART (VC3012)
1000000042214;Aspirateur MULTISMART (MS-VC4211)
1000000042207;Aspirateur Balai NARDI (NAS 55B10 550W)
1000000039313;Aspirateur ROWENTA
1000000034813;Abricot Sec KINGAPRICOT - vrac
6134673000860;Accroche Balais FABRO
6132503465483;Adoucissant Linge DORILFLOR 1L
1000000039245;Air Fryer MOULINEX 4.2L N°65
1000000017557;Air Cooler GEANT 7L (GESWT1BFKY)
1000000017564;Air Cooler GEANT Mobile (GNMRAW3G)
7868822366000;Allumette KHYBER 10P
6132524250068;Aluminium Cuisinière ORIBER 60x90
1000000038361;Amande NUTS ALWAFY 30g
1000000038378;Amande NUTS ALWAFY 70g
1000000038354;Amande NUTS EL-YOUM 1kg
1000000038385;Amande En Coque NUTS ALWAFY 100g
1000000038491;Amande En Coque NUTS EL-YOUM 1kg
1000000038507;Amande En Coque NUTS EL-YOUM 3kg
1000000008579;Amande Blanche - vrac
1000000027853;Amande Rouge - vrac
1000000014860;Amande Salée - vrac
6134766000289;Amande Sans Sel EL-HEKMA 1kg
6008155000795;Amila Poudre 35g
8857122685187;Ananas En Tranche BELLA MARIA 565g
8850099187746;Ananas En Tranche DYLIA 565g
8858951909444;Ananas En Tranche GOLDEN LAND 850g
8859325781567;Ananas En Tranche GOOD STAR 565g
1000000037821;Ananas En Tranche MIAMIA 565g
6136542001176;Ananas En Tranche VITER 220g
6136542000995;Ananas En Tranche VITER 400g
1000000027839;Ananas Séchés - vrac
6135053001316;Anti Cafard KLASH MAX 400ml
6135053001347;Anti Cafard Et Fourmis KLASH MAX 500ml
6132502670055;Anti-Calcaire MA SAFYNET 375g
6132502670130;Anti-Calcaire Canalisation SAFYNET 375g
6132502270958;Applicateur De Cire Naturelle PALC 75ml
6135259000427;Après-Shampoing DAHLIA 200ml
8690572794630;Après-Shampoing GLISS 360ml
6935023171014;Aquarelle 16 Couleurs TECHNO (7101)
6935023177047;Aquarelle Bubbles Colors 8c TECHNO (7704)
6935023171007;Aquarelle Bubbles Colors 12c TECHNO (7100)
1000000028430;Arachide Blanche - vrac
1000000012989;Arachide Efillée - vrac
1000000028676;Arachide Rouge - vrac
6135279720336;Ardoise Double Face KALAM (3875)
6132004798028;Ardoise Double Face TECHNO (9802)
6132004792187;Ardoise Double Face Noir Et Blanc TECHNO (9218)
6132004796840;Ardoise Magnétique TECHNO GF (9684)
6132004797960;Ardoise Magnétique TECHNO 20cm Double Face (9796)
1000000018257;Ardoise Noire
6132139500077;Arôme FAROMAL 60ml
6132130305553;Arôme YASMINE D'OR Vanille 15g
6132130300119;Arôme YASMINE D'OR Vanille 60g
1000000023145;Aspirateur ARCODYM
1000000027570;Assiette Jetable
6134259000130;Assiette Jetable HADEF GM x20
6132204500018;Assiette Jetable PLAST D'OR GM x20
6134413000259;Assila EL BARAKA 125g
6132507460040;Assila EL DJURDJURA 1kg
6132507460064;Assila EL DJURDJURA 2kg
6132507460019;Assila EL DJURDJURA 500g
6132500710272;Assila EL MORDJENE 1kg
6132500710081;Assila EL MORDJENE 2kg
6132500710098;Assila EL MORDJENE 3kg
6132500710425;Assila EL MORDJENE 500g
6130234007583;Assila MEDINA 2kg
6130234007576;Assila MEDINA 1kg
6130234007590;Assila MEDINA 3kg
6130234007569;Assila MEDINA 500g
6130234007606;Assila MEDINA 5kg
6132329300050;Assila NOUNOURS 1kg
6132329300043;Assila NOUNOURS 500g
6134598001775;Assouplissant De Linge LIFE 1L
6134598008088;Assouplissant De Linge LIFE 3L
1000000042221;Bain Huile MULTISMART 13 El Vent (OH2132)
1000000039191;Batteur BOSCH MFQ2210D Turbo 375W
1000000042238;Batteur Electrique MULTISMART 450W (MS-HM1081)
1000000043532;Batteur MULTISMART 200W (HM4015)
1000000043556;Batteur MULTISMART 300W (HM4035)
1000000042245;Blender MULTISMART 2en1 (BD 2215)
1000000042252;Bouilloire MULTISMART 2L 1500W (MS-KT2011)
1000000043723;Bouteille Pour Fontaine Fraîche
1000000042269;Bras Mixeur MULTISMART (MS-HB2219)
1000000042276;Bras Mixeur MULTISMART 850W (HB6011)
1000000043488;Bras Mixeur MULTISMART (HB2214)
1000000043495;Bras Mixeur MULTISMART (HB3203)
1000000043471;Bras Mixeur MULTISMART 300W (HB2111)
1000000043877;Bras Mixeur MULTISMART 600W (HB2110)
1000000043457;Bras Mixeur MULTISMART 800W Inox (HB2215)
1000000043464;Bras Mixeur MULTISMART (HB2105)
1000000039184;Bras Mixeur BOSCH
1000000026870;Bain D'huile CONDOR 11 Eléments (CBHU3511)
1000000044355;Bain D'huile CONDOR 11 Eléments (WQP11-24)
1000000033625;Bain D'huile CONDOR 13 Eléments (WQP13-5201G)
1000000027471;Bain D'huile CRISTOR 2511
1000000026887;Bain D'huile CRISTOR 11 Eléments (BHK3511)
1000000041637;Bain D'huile MULTISMART 13 Eléments (OH1131)
1000000041583;Bain D'huile MULTISMART 13 Eléments (OH2131)
1000000041590;Bain D'huile MULTISMART 13 Eléments Vent (OH2132)
6132524450505;Baklawa ATLAL
6134673000082;Balais FABRO (FB400)
6134673000211;Balais FABRO (FB500)
6134673000068;Balais FABRO Gold
6134673000020;Balais FABRO Lisse
6134673000099;Balais FABRO Rugueux
6135271000511;Balais NOVA MEXIL
6135271000924;Balais VENISSIA
6135271000634;Balais Magic STAR
6134673002215;Balais À Frange FABRO
6926599006091;Balais BK Fleurie
5815412123330;Balais BK Mixile
6131760000031;Balais D'OR Fleurie
6134673000181;Balais Avec Manche ART
6951202849321;Ballon Gonflable TECHNO x10 (4932)
1000000021752;Barquette Aluminium 1042cl
1000000021738;Barquette Aluminium 1065cl
1000000021745;Barquette Aluminium 1074cl
1000000021691;Barquette Aluminium 1185cl
1000000021714;Barquette Aluminium 1320cl
6956288663304;Bâtonnet De Barbecue ALAKOUNDA
1000000033199;Batteur SILVER CREST
1000000006292;Beurre ERRAEI - vrac
1000000009309;Beurre FORTUNE - vrac
6134311000122;Beurre MILKINA 200g
6135038000013;Beurre RICHE-LAIT 250g
1000000028942;Beurre De Chèvre ELMARAA
1000000036398;Beurre De Vache ELASSIL 250g
1000000028935;Beurre De Vache ELMARAA - vrac
6134180220218;Beurre De Vache GOYA x500g
6132545850056;Beurre De Vache LINA
6132469800014;Café instantané Bi-CAFE GOLD 45g
1000000008432;Bicarbonate ANTAR 10g
6132501540533;Biscuit AVANTAGE 300g
6135611000355;Biscuit AVIDO x3
6132501542964;Biscuit BESTO 220g
6132501543893;Biscuit BIFA Spécial Digestive Blé Complet
6133414009803;Biscuit BISCUP
6131484000195;Biscuit BRILLANCE 35g
6132501540311;Biscuit BRINO
6130896000243;Biscuit BRIX 110g
6130896000205;Biscuit BRIX 30g
6130896000229;Biscuit BUENTO
6132501549048;Biscuit Barre Ma Mosaïque
6130619003087;Biscuit CHERCHELL 85g
6133379000020;Biscuit CROQUET
6132175401598;Biscuit Celebrity Au Lait
6135931000516;Biscuit DAYS Promo x3P
6132501549833;Biscuit DUNAROLL Maxi
6130426001245;Biscuit EL WAFI Digestif
6130426001252;Biscuit EL WAFI New B
6133414003726;Biscuit Family MAXON x10 380g
6133414006932;Biscuit HAPPY WAFER 42g
6134555001640;Biscuit HEY LOP x12
6133414008677;Biscuit KOOL 140g Winners
1000000025675;Biscuit KOOL 35g Mini
6133414007137;Biscuit KOOL 4 Winners 62g
6133414010038;Biscuit KOOL 4 Winners Chocolat Blanc 62g
6133414001999;Biscuit KOOL 75g
6133414002002;Biscuit KOOL Palmary 37g
6133414003108;Biscuit KOOL Pack Family 370g
6133414013510;Biscuit KOOL Maxy Lait 45g
6133414003023;Biscuit KOOL Palmary 220g
6133414003450;Biscuit M Medium MAXON 215g
6130015061834;Biscuit MACAO 250g
6132501543138;Biscuit MAX - crème 240g
6133414003092;Biscuit MAXON 380g
6133414008042;Biscuit MAXON 4x8
6133414011332;Biscuit MAXON Cookies 40g
6133414003115;Biscuit MAXON XL Blanc
6133414012049;Biscuit MAXON Le Carré x6 156g
6133414001708;Biscuit MAXON Noir 38g
6133414002552;Biscuit MAXON Noir 75g
6133414010052;Biscuit MAXON Original XL 475g
6133414001166;Biscuit MEGA DREAM 325g
6132501542872;Biscuit Petit Beurre x5
6130015061131;Biscuit PETIT BIMO 250g
6133414005751;Biscuit REGALO Family Pack 5x6
6133414005355;Biscuit REGALO x8 Noisette 100g
6132501549710;Biscuit Sandwich 64g
6132175400034;Biscuit Sandwich BIFA 100g
6130015060837;Biscuit TANGO 255g
6132501548850;Biscuit TYMO 30g
6135931000554;Biscuit VINKO Promo x3P
6130015063012;Biscuit ZANIMAUX
6132508030020;Biscuit Boudoir CHAFIA 170g
6132501541820;Biscuit Fourré DADEY
6132501549949;Biscuit Fourré DOUBLO
6132175400317;Biscuit Fourré DUO
6132176700010;Biscuit Fourré ELFOUARA x8 Choco 120g
6132501547600;Biscuit Fourré FAMELIO
6133453000182;Biscuit Fourré KIT 300g
6130896000267;Biscuit Fourré LUXON Et PINOU PF
6132011100494;Biscuit Fourré MAJOR 175g
6135611000478;Biscuit Fourré MICOS Promo x3
6135611000195;Biscuit Fourré MONBIS Promo x4
6135611000096;Biscuit Fourré NELLO GF Promo x3
6135611000072;Biscuit Fourré NELLO PF Promo x3
6135611000614;Biscuit Fourré OUMNIA
6130015061032;Biscuit Fourré PESOS 200g
6132501549703;Biscuit Fourré Sandwich TYMO
6135611000461;Biscuit Fourré SAVOURA Promo x2
6130619002622;Biscuit Fourré SHOOT
6134788000793;Biscuit Fourré WIPPY
6132501542766;Biscuit Fourré Au Chocolat RIGOLO GM
6134387000767;Biscuit Intense MAXON Crème Cacao 100g
6134387000774;Biscuit Intense MAXON Family Pack 360g
6133414011585;Biscuit Loumja x4 MAXON 56g
6133414011592;Biscuit Loumja x9 MAXON 126g
6135931000349;Biscuit Mini TWINS
6132125100021;Biscuit Mini Galette ALGOL 50g
6132501548522;Biscuit Mon Sandwich BIFA GF
6134951000124;Biscuit Palmier AMIDAM
6133414005348;Biscuit Regalo MAXON 120g
6132175400942;Biscuit Sablé OVOILA
6135869000275;Biscuit GUSTO
6134673002154;Chiffon FABRO Spéciale Vitre
6135314000072;Chiffon De Tissu En Rouleau MB TEXTIL Quick x20P
6133871000214;Chiffon De Tissu En Rouleau PRIMA CLEAN x20P
6134598004981;Chiffon Microfibre LIFE Double Face 30x30cm
6132198500117;Chiffon Microfibre MAXIN CLEAR Spécial Vitre
6130063402184;Chiffon Microfibre PRIMA CLEAN Multi Usage
6134866013714;Chiffon Microfibre STAR BROSS Spécial Vitre
6136245000049;Chips - vrac
6132263900033;Chips 21g
6136044000059;Chips 6g
6132263900026;Chips FOX-ONE 12g
6132263900255;Chips FOX-ONE 24g
6135465000105;Chips LUX - vrac
6130336002974;Chips MAHBOUL FRITOS 100g
6134460002909;Chips MIXO - vrac
9557062321396;Chips POTATO 45g
9557062361187;Chips POTATO MISTER 100g
6135199000402;Chips SILVERS Fromage 160g
6135199000686;Chips SILVERS 45g
6135199000525;Chips SILVERS Barbecue 75g
6130201379620;Chips TIMO 10g
6134966000034;Chips TIMO 8g
6136245000056;Chips Cornet BBQ - vrac
1000000041019;Chips Feuilles - vrac
6133414008981;Chocolat MOMENT Les Croquants Noisette Et Raisin 145g
6133414007045;Chocolat MOMENT Tablette Raisin Éclats De Noisettes
40111216;Chocolat BOUNTY Barre 57g
6133414012216;Chocolat MAGMA Barre 37g
6133414010175;Chocolat MOMENT Barre Blanc Praline Et Éclats De Noisettes
1000000024074;Chocolat MOMENT Barre Caramel + Éclats De Biscuit
6133414013640;Chocolat MOMENT Dubai
1000000033403;Chocolat MOMENT Raisin Éclats De Noisettes
6133414010373;Chocolat MOMENT Barre LE DORE
6133414012872;Chocolat MOMENT Barre Evasion
6133414008967;Chocolat MOMENT Les Croquants
1000000022933;Chocolat MOMENT À La Crème Et Aux Éclats De Biscuit
6132528420184;Chocolat RICE CAKE 60g
6132528420207;Chocolat RICE CAKE PM
6132528420177;Chocolat RICE CAKE Big Family 120g
6134845006393;Chocolat SWAREEN
5000159459228;Chocolat TWIX PF
6133414012155;Chocolat Tablette MAGMA 90g
6133414008837;Chocolat Au Lait HAPPY x30
6133414011714;Chocolat Barette MAXON GOLD 37g
6133414012193;Chocolat Barre MAGMA 37g
6131680000081;Chocolat Glaçage DADA 500g
6132131100039;Chocolat Glaçage EL WEJDENE 250g
1000000013023;Chocolat Glaçage Au Lait 500g
6130234007798;Chocolat Poudre MATINA Sachet 300g
6130206200059;Chocolat Poudre NOVA 300g
6130206200042;Chocolat Poudre NOVA 500g
6008155003673;Chocolat Poudre TWISCO 300g
6008155010350;Chocolat Poudre TWISCO 500g
6130014080119;Chocolat Tablette AMBASSADEUR Noir
6130727000015;Chocolat Tablette CHOCOMI
6133414010359;Chocolat Tablette Éclats De Feuillantine
6130014080010;Chocolat Tablette EMBASSADEUR Blanc
6130014081604;Chocolat Tablette EXELLENCE
6133414012179;Chocolat Tablette MAGMA 90g
7622300850456;Chocolat Tablette MANDOLIN
6132516860060;Chocolat Tablette MARUDJA
6133414000824;Chocolat Tablette MAXON 100g
6133414003733;Chocolat Tablette MAXON Éclat De Cacahuètes 150g
6133414011684;Chocolat Tablette MAXON GOLD 95g
6133414001388;Chocolat Tablette MAXON Au Lait Et Amande 150g
7622210999368;Chocolat Tablette MILKA
6133414006963;Chocolat Tablette MOMENT Caramel Crème
6133414012834;Chocolat Tablette MOMENT Evasion
6133414010779;Chocolat Tablette MOMENT LE DORE 100g
6133414004051;Chocolat Tablette MOMENT Noisette
6132500980132;Chocolat Tablette NICE 100g
6132500981030;Chocolat Tablette NICE Noisette
6133414008462;Chocolat Tablette SOLTANA 100g
6131940000257;Chwingum En Sachet L'HABIB
1000000038699;Chicorée CITY ONE 200g
1000000038705;Chicorée CITY ONE 70g
6131988250003;Cigare AMINE
CCS1000000015812;Cigare AMINE x50 Mini
6133414010113;Cigare Fourré REGALO 57g
6134673000198;Cintre FABRO Gold 3 Pièces
6132502413126;Cirage NET SHOES 75ml Noir
6132502270774;Cirage PALC Crème 50ml
6132502270798;Cirage PALC Transparent 50ml
8690757702009;Cirage SILVER Vaporisé Noir 200ml
6132472500017;Cirage VENUS Liquide 75ml
1000000024753;Cirage Avec Brosse
6251592992950;Ciseau VERTEX (VS001)
9251592992943;Ciseau VERTEX (VS0802)
6935023170659;Ciseaux Scolaires TECHNO (7065)
6132312400033;Citron MAGISTRAL Assaisonnement 200ml
1000000041293;Citron Mariné - vrac
6130760006692;Citronnade SOUMMAM En Carton 1L
6130834001172;Citronnade TREFLE
6130449064005;Classeur 4 Anneaux CONVERSE
703625650871;Classeur À 4 Anneaux A4 TECHNO (5087)
1000000015164;Climatiseur ALPHA 18K (CS18-AL54T3)
1000000015171;Climatiseur ALPHA Inverter 12BTU (CS12-AL44T3)
1000000030532;Climatiseur BRANDT Tropical 12000 BTU
1000000030389;Climatiseur BRANDT Tropical 9000 BTU
1000000018097;Climatiseur CONDOR 12000 BTU T3 (CS12-AL44T3)
1000000018103;Climatiseur CONDOR 18000 BTU (CS18-AL54 T3-0)
1000000037531;Climatiseur ENIEM 12000 BTU Inverter T3 (287 875)
1000000037524;Climatiseur ENIEM 18000 BTU Inverter T3 (287 970)
1000000032239;Climatiseur ENIEM Split 9000 BTU
1000000017298;Climatiseur GEANT 12000 BTU Tropical Inverter (GN-MCS12)
1000000017304;Climatiseur GEANT 18000 BTU Tropical Inverter (GN-MCS18)
1000000017311;Climatiseur GEANT 24000 BTU Tropical Inverter (GN-MCS24)
1000000018110;Climatiseur GEANT 9000 BTU Tropical Inverter (GN-MCS09)
1000000030365;Climatiseur MAXWELL 18000 BTU Tropical
1000000014358;Climatiseur MAXWELL 24000 BTU Tropical (Mx-24CH/T)
1000000018080;Climatiseur MIDEA Inverter 12000 BTU (G11-12HRDNA1-QC0)
1000000018141;Climatiseur MIDEA Inverter 24000 BTU
1000000015287;Climatiseur MIDEA (MSAGC-18HRN1 R410)
1000000038828;Climatiseur TCL Split 18000 BTU Inverter Tropical (TAC-18CHSA/XA73I)
1000000038811;Climatiseur TCL Split 12000 BTU Inverter Tropical (TAC-12CHSA/XA73I)
1000000030372;Climatiseur TCL 12000 BTU Tropical
1000000030525;Climatiseur TCL 18000 BTU Tropical
1000000026061;Cloche À Gâteau (3096)
1000000025682;Cocotte Minute BBF 4
1000000026191;Cocotte Minute BBF 8-DJ
1000000026207;Cocotte Minute BBF BC-26
1000000026481;Cocotte Minute BE22
6132369500168;Cocktail De Fruits DELICE 425g
6139990001118;Cocktail De Fruits VEGA 425g
6935023149006;Colle Forte Super Glue TECHNO (4900)
6936596902135;Colle Stick 15g MINGYUAN (MY2218)
6935023158718;Colle Stick 15g TECHNO (5871)
6935023158756;Colle Stick 21g TECHNO (5875)
6935023169127;Colle Stick 21g TECHNO (6912)
6936596902128;Colle Stick 8g MINGYUAN (MY2208)
6935023158749;Colle Stick 8g TECHNO (5874)
6975276141990;Colle Stick 8g VERSAL (VR113013)
6134283000205;Colle Stick 9g RODESS (C864)
8698548934295;Colle Universelle TECHNO 17g (5237)
6958668746881;Compas LM (2506)
6935023169035;Compas TECHNO (6903)
6935023153256;Compas TECHNO (5325)
6935023176361;Compas Ecolier À Gague TECHNO (7636)
6935023172813;Compas À Bague Nippy TECHNO (7281)
6130384001325;Confiture CAB Abricot 900g
6130384000571;Confiture CAB Abricot 425g
6130876000034;Confiture CARM Abricot 800g
6134577000201;Confiture CARM Figue 390g
6130876000010;Confiture CARM Figue 800g
6130365000255;Confiture DELICE Fraise 400g
6131766002404;Confiture FOUARA Abricot 400g
6131410000053;Confiture ITHRI Abricot 800g
6132502220168;Confiture LATINA Figues 380g
6130234006753;Confiture MATINA Abricot 440g
6130234006777;Confiture MATINA Fraise 440g
6130234006678;Confiture MATINA Figues 530g
6130234006579;Confiture MATINA Abricot 280g
6132173900017;Confiture MENAA Figues 400g
6132457700098;Confiture NGAOUS Abricot 800g
6132457700074;Confiture NGAOUS Abricot 400g
6133464000126;Confiture OULHASSA Figues 400g
6130479000370;Confiture SACA Figues 400g
6130098001444;Confiture SICAM Abricot 400g
6130098021442;Confiture SICAM Abricot 800g
6133212000088;Confiture TELLOISE 400g
6133212000071;Confiture TELLOISE Abricot 800g
6133212000477;Confiture TELLOISE Fraise 400g
6133212000125;Confiture TELLOISE Pomme 400g
6130294000166;Confiture TRISTAR Abricot 400g
1000000038088;Confiture VIZYON Abricot 250g
1000000038095;Confiture VIZYON Abricot 380g
1000000038101;Confiture VIZYON Cerise 250g
1000000038118;Confiture VIZYON Cerise 380g
1000000038125;Confiture VIZYON Fraise 250g
1000000038132;Confiture VIZYON Fraise 380g
6133991000699;Confiture ZIMBA Abricot 800g
6132173900024;Confiture MENAA Figue 800g
1000000030433;Congélateur ARCODYM Gris 320L
1000000026382;Congélateur BEKO Vertical
1000000014808;Congélateur CONDOR CFH T13GM03
1000000015355;Congélateur CONDOR CFH-T13M03 102L
1000000030129;Congélateur ENIEM 220 FP S025 Vertical Avec Tiroirs (208 783)
1000000030136;Congélateur ENIEM Bahut 1301/350L Blanc MM (205 202)
1000000015744;Congélateur ENIEM Bahut CF1686 468L GM (205 196)
1000000037142;Congélateur 165L Blanc
1000000037159;Congélateur 200L Blanc CG-CF270F-B
1000000037494;Congélateur 200L Gris CG-CF270F-G
1000000037166;Congélateur 260L Blanc
1000000043259;Congélateur CONDOR Hori T39GM05 400/R600A
1000000042467;Congélateur MIDEA HS-252C
1000000042474;Congélateur MIDEA HS-377C
1000000037173;Congélateur Vitrée 201L GN-CPF-254
1000000038989;Cuisinière ARISTON 04F 60x60 Inox N°80 (A6GG1E (X) EX)
1000000042399;Cuisinière ARCODYM LF 60GGF 40FT Inox Vent
1000000042405;Cuisinière CONDOR Mordjana 4F BCK MJ462B
1000000042412;Cuisinière CONDOR Raviola Inox C46RV20G
1000000043792;Cuisinière Électrique BRANDT
1000000042429;Cuisinière MULTISMART 4F Vent Honor 6S
1000000042436;Cumulus MIDEA 15FG 100L
1000000042443;Cumulus MIDEA D85/15F 85L
1000000042450;Cumulus MIDEA D50/15F 50L
1000000038392;Cacahuète NUTS ALWAFY NW 35g x20x8
1000000038408;Cacahuète NUTS ALWAFY NW 80g x12x8
1000000038484;Cacahuète NUTS EL YOUM Bidon 5kg
1000000001273;Cacahuète En Coque - vrac
1000000038347;Cacahuète Enrobée EL YOUM BBQ Bidon 2kg
6135906000046;Cacahuète Grillée Salée - vrac
6134460001926;Cacahuètes Salées Et Grillées Goût Fumé
745110261841;Cacahuètes Enrobées Sésame
1000000007558;Cacahuètes Grillées - vrac
1000000006155;Cacahuètes Sucrées - vrac
elwalida02;Cacao - vrac
1000000027488;Cafetière CONDOR D1510S
1000000025323;Cafetière Expresso ARCODYM Inox
1000000026221;Cafetière Expresso ARCODYM Inox
6136265000265;Café Arabica En Grain ESPOIR 700g
6132469800038;Café Bi-Café GOLD En Verre 90g
6133566000154;Café Caps GENTLEMEN x10 Capsules
6130080004903;Café Espresso BOUKHARI 60g Capsules
8445290906847;Café NESCAFE Classic Pot 95g
1000000009279;Café En Grain Arabica - vrac
6130711010044;Café En Grain Grillé 100% Arabica Sac 3kg
6130711010129;Café En Grain Grillé 100% Robusta - vrac
1000000038576;Café Instantané CITY ONE Pot 190g x12
1000000038583;Café Instantané CITY ONE Pot 45g x12
6132528200014;Café Moulu 1001 250g
6130661000256;Café Moulu 1001 Goût Espresso 400g
6130661000225;Café Moulu 1001 Goût Espresso 800g
6130194000037;Café Moulu AROMA 250g
1000000028904;Café Moulu BEY 250g
6130711000076;Café Moulu BONAL 250g
6130080004538;Café Moulu BOUKHARI 250g
745110785170;Café Moulu BOUMEGOUAS 250g
6133851000012;Café Moulu DOZIA 250g
6130560000067;Café Moulu FACTO 250g
6130661000102;Café Moulu FAMICO 250g
1000000024814;Café Moulu GOLD
6132098900017;Café Moulu KAHLAOUI 250g
6132098900024;Café Moulu KAHLAOUI 500g
1000000024807;Café Moulu MAXWEL
6132518480273;Café Moulu NAY Robusta 250g
1000000024791;Café Moulu NESCAFE En Pot
6130443000153;Café Moulu NIZIERE 250g
6130080004637;Café Moulu READO 250g
6130661000430;Café Moulu SIGLO 100% Robusta 205g
6133978000018;Café Moulu VICTORIA 250g
6133978000186;Café Moulu VISA 200g
6130661000423;Café Moulu W2 100% Robusta 250g
1000000009262;Café Vert En Grain Robusta - vrac
6132003301809;Café Vert En Grains BONAL 800g 100% Arabica
1000000025330;Cafétière SONASHI SAF800
6130472000650;Cahier 3en1 192p HIPPONE
6130472000988;Cahier 5en1 288p HIPPONE
6130375000061;Cahier 64p
6133746000042;Cahier 96p
6131612000356;Cahier Dessin 16p
6133746000080;Cahier T.P 64p GF
6130375000092;Cahier T.P 64p PF
6133776001040;Cahier TP 120p EL HILLAL GF 21x29.7cm
6133776000524;Cahier TP 80p EL HILLAL (TP80)
6133776000784;Cahier TP 96p EL HILLAL
6133776001781;Cahier TP 96p PF 17x22cm
6138993140626;Cahier Coloriage GM ALGERART
6133776000197;Cahier Cousu 288p EL HILLAL
9789931661184;Cahier De Coloriage DAR RWIBAH 166118
1000000019742;Cahier De Correspondance
6133776000814;Cahier Dessin EL HILLAL Uni 32p
6132004794402;Cahier Dessin Quadrillé TECHNO (9440)
6133776000449;Cahier Piqué 120p EL HILLAL
6133776000432;Cahier Piqué 192p EL HILLAL
6133776000395;Cahier Piqué 96p EL HILLAL
6133776002641;Cahier Premium EL HILLAL 96p (0004)
6133776000616;Cahier Ressort 192p EL HILLAL
6133776000913;Cahier Spiral 120p EL HILLAL 17x22cm
6133776000661;Cahier Spiral 192p EL HILLAL
6133776000678;Cahier Spiral 288p EL HILLAL (0067)
1000000014662;Caissette Pour Gâteaux
6134387000170;Cake Donut Bibila 100g
6935023178860;Calculatrice Mini TECHNO (7886)
6135087000200;Calque A4 EXCELLES 21x29.7cm (0020)
6136036000012;Camembert BELLE DES CHAMPS 500g
1000000044638;Camembert Coeur De Kabylie
6131032000011;Camembert ESSENDOU 250g
6131032000141;Camembert ESSENDOU Demi Brie 250g
6131032000158;Camembert ESSENDOU La Mini 125g
6131032000233;Camembert ESSENDOU Classique 180g
6132503530075;Camembert LE FERMIER 140g
6132503530013;Camembert LE FERMIER 250g
6132503530198;Camembert LE FERMIER Carré 200g
6133145000094;Camembert LE GOUT 120g
6132503530525;Camembert LE VIEUX FERMIER 250g
6130759001011;Camembert PRESIDENT 145g
6130834000038;Camembert SIDI SAADA 250g
6130803000052;Camembert TASSILI
6130803000045;Camembert TASSILI Carré 250g
6130784000096;Camembert TIFRALAIT Le Familial 350g
6130784000034;Camembert TIFRALAIT Le Tigre De Mizrana 250g
6132107400361;Camembert La Chèvre ALOUANI 140g
6133401641054;Camembert La Vache TOUKREM 240g
6130784000072;Camembert Portions TIFRALAIT 250g
6130784000348;Camembert Portions TIFRALAIT Le Familial
1000000027501;Caméscope SAMSUNG HMX F90
1000000038613;Cappuccino CITY-ONE 12x125g
1000000038606;Cappuccino CITY-ONE 12x200g
1000000038637;Cappuccino CITY-ONE 12x70g
1000000028461;Caprice Bubble Gum Menthe 10P
1000000038644;Capsules POZ
61310550702810;Caramel TOFIAN 500g
6132501338260;Caramel Au Lait ECLAIRES 210g
6132004794457;Carnet Colle P cm TECHNO
6132004794099;Carnet Spiral 50F A6 TECHNO (9409)
6130992001922;Carte Les Fruits DARELTIAF 12
16935023185148;Cartouche Bleue Marqueur Tableau TECHNO (4994-8514-8512-8508-8509-8511-8510)
6935023149969;Cartouche D'encre Thinky TECHNO (4996 4994)
1000000020175;Cartouche Stylo À Plume Bleu Boîte De 6 Pcs (0566)
6130015061933;Casse Croûte BIMO
1000000026337;Casserolle 3P GM5208G
1000000026092;Casserolle 4P GM5208B
1000000025859;Casserolle 4P GM5282S
liliane39;Cerise Confit LILIANE 100g
6134971000555;Chakh-choukha BARAKA 500g
1000000029727;Chakh-choukha BARAKA 900g
6133964000015;Chakh-choukha ELSANOUABAR 900g
1000000027402;Chambre À Coucher Maron
1000000030341;Chambre À Coucher Blanche
1000000023077;Chambre À Coucher Complète
1000000036763;Chambre À Coucher Maron En Bois Rouge
1000000036749;Chambre À Coucher Noire En Bois Rouge
6134429000212;Chamia BIFA PM
6132501549871;Chamia PAPILLON En Boîte
6134196000460;Champignon BONO Coupé En Métal 1er Choix 150g
1000000037845;Champignon EXTRA P&M 380g
1000000037838;Champignon EXTRA Entier 380g
6134196000675;Champignon En Tranche LA PETITE FERME 360g
6132041501131;Champignon En Tranche VITER 400g
6136542000605;Champignon En Verre Tranche VITER 400g
6134196000453;Champignon Entier BONO 160g
6134196000163;Champignon Entier BONO 300g
6134196000545;Champignon Entier LE JARDINIER 360g
6132041501933;Champignon Entier PARIS 1.8kg
6134196000682;Champignon Entier PETITE FERME 360g
6136542000292;Champignon Entier VITER 400g
6134196000521;Champignon Morceau LE-JARDINIER 1.8kg
6134274002065;Champignon Tranche CASTILO 400g
6939256882617;Champignon Tranche DELICE 280g
6132041501858;Champignon Tranche PARIS 1.8kg
6136542000117;Champignon Tranche En Acier VITER 400g
6130929000042;Chapelure Pour Pizza SABALAIT
6130586000065;Chapelure BELLAT
1000000002683;Chapelure FROM
6132372100027;Chapelure Cheddar GOOD CHEESE
6132417700069;Charbet En Sachet 1L
1000000032284;Chaudière Murale SONARIC 24KW Ventouse
1000000037586;Chaudière Murale SONARIC 30KW Ventouse (TFD206)
1000000037302;Chauffe Bain 12L Metal Panel GN-CBH12D-I
1000000037760;Chauffe Bain ENIEM 10L GN E24 Avec Détecteur (287 890)
1000000027259;Chauffe Bain GEANT GN-CBH140 10L
1000000026597;Chauffe Bain JUNKER 05L
1000000026580;Chauffe Bain JUNKER 11L (W11-2 P23)
1000000026306;Chauffe Bain MIDEA 10L JSD20
1000000026245;Chauffe Bain MIDEA 6L
1000000032260;Chauffe Bain SONARIC 12L Avec Détecteur CO2 (23477.15)
1000000032277;Chauffe Bain SONARIC Avec Détecteur CO2 6L
6132500510469;Chawarma De Poulet FROM
745114926081;Cheddar HOLLANDA
6132507370080;Cheddar Boudin VITE FAIT 230g
6134180220508;Cherbat GOYA En Carton 1L
6134614000379;Cherbette CHIHIA 1L
6130760002694;Cherbette SOUMMAM Laymouna 1L
6132500901502;Tortilla TORTILA Love 6x25cm
6135226000054;Tortilla TORTILLAS 400g 5x80g
6935205368423;Taille Crayon DELI 531
745114668899;Taille Crayon MONAMIX TC156
6935023175104;Taille Crayon TECHNO 1 Trou Book (7510)
6935023175043;Taille Crayon TECHNO 1 Trou Butterfly (7504)
6935023175227;Taille Crayon TECHNO 1 Trou Culic (7522)
6935023175357;Taille Crayon TECHNO 1 Trou Macaron (7535)
6935023175371;Taille Crayon TECHNO 1 Trou Rocket (7537)
6935023175388;Taille Crayon TECHNO (7538)
6935023175241;Taille Crayon Gomme TECHNO (7524)
1000000026146;Tajine 30cm Argent
1000000025958;Tajine 30cm Inox
6139000023055;Tampons Savon PRIMA x6P
6130624000019;Tarte Glacée Fraise Vanille Boîte 600g
6132239800060;Tartelette MORBIDO x3
6130760003790;Tartifrais SOUMMAM 75g
6132401800034;Tartilisse 3 Fromages 500g
1000000033182;Thermos 2 Pièces 0.7/1L (22982)
1000000033151;Thermos ALSIE 2 Pièces B096045
1000000037999;Thon ISABEL Huile D'olive Individuel 65g
1000000037968;Thon ISABEL Tomate 160g
6130816010154;Thon En Morceaux RICAMAR 110g
6132336300333;Thon Entier CAPTHON 3x65g
1000000037920;Thon Entier FRANCISCO Huile 160g
1000000037913;Thon Entier FRANCISCO Huile 3x65g
1000000037944;Thon Entier FRANCISCO Huile D'olive 3x65g
1000000037906;Thon Entier FRANCISCO Tomate 3x65g
1000000037937;Thon Entier FRANCISCO Goût Fumé 3x65g
1000000037951;Thon Entier FRANCISCO Sauce Piquante 3x65g
1000000037982;Thon Entier ISABEL Huile 3x65g
1000000037975;Thon Entier ISABEL Tomate 3x65g
6130504000993;Thon Entier MARATUN 160g
6130504000023;Thon Entier MARATUN 3x65g
6130504002256;Thon Entier MARATUN 400g
6130504000184;Thon Entier MARATUN 950g
6130816010147;Thon Entier RICAMAR 110g
6130816010048;Thon Entier RICAMAR 3x65g
6130816010475;Thon Entier RICAMAR 400g
6130816010185;Thon Entier RICAMAR 880g
6135535000455;Thon Entier VIVA 900g
6134945000062;Thon Émietté DALITUN 3x65g
6952128501416;Thé AHMED ABDI 250g
6942989528813;Thé EL MAROUAN 150g
6134869000049;Thé EL MAROUAN 200g
6931711100021;Thé EL MAROUAN 500g
6135737000338;Thé KAMIA 200g
6132321000248;Thé ROYAL 200g
6945795726213;Thé SAHEL 200g
6134731000313;Thé Aromatisé 25x37.5g
6973021310073;Thé Mandolin 125g
6951221166775;Thé Vert E'RAKI 125g
6951221166737;Thé Vert E'RAKI 250g
6951221166713;Thé Vert E'RAKI 500g
6971588950053;Thé Vert EL BARAD - vrac
6971588950015;Thé Vert EL BARAD 250g
6925789401937;Thé Vert EL BARAD En Boîte 200g
6136431000020;Thé Vert EL BARAD Sachet 250g
6973447240046;Thé Vert EL FIRDAOUS - vrac
6947019000086;Thé Vert ELFIRDAOUS 250g
6954362900376;Thé Vert FLECHA 250g
6930922500347;Thé Vert SAFINET E'SAHRA 125g
6923024112365;Thé Vert TAHGART 200g
6975276799993;Thé Vert TUAREG 200g
6131064000010;Tisane EL-NIL Verveine 100x80g
6132508340051;Tisane KABIR Gingembre & Miel 6g
6130384000489;Tomate Conserve CAB HELLO 500g
6130766703557;Tomate Conserve AMOUR 400g
6130766703540;Tomate Conserve AMOUR 800g
6130661000164;Tomate Conserve AVRIL 800g
6130661000195;Tomate Conserve AVRIL 500g
6130384000182;Tomate Conserve CAB 400g
6130384000892;Tomate Conserve CAB 500g
6130384000496;Tomate Conserve CAB HELLO 800g
6134643000234;Tomate Conserve CB 135g
6132003300376;Tomate Conserve ELHARA 500g
6132003300383;Tomate Conserve ELHARA 800g
6130805000029;Tomate Conserve FIDE 800g
6130661000362;Tomate Conserve FRESCO 800g
6132553070446;Tomate Conserve HALA 400g
6133212000613;Tomate Conserve HALA 800g
6130382000160;Tomate Conserve IZDIHAR 400g
6130382000177;Tomate Conserve IZDIHAR 800g
6133320000307;Tomate Conserve JUMBO 400g
6133320000413;Tomate Conserve JUMBO 800g
6135042000016;Tomate Conserve KINGTOM 400g
6135042000023;Tomate Conserve KINGTOM 800g
6130470001154;Tomate Conserve RACHRACH 1kg
6130470001147;Tomate Conserve RACHRACH 400g
6133106000385;Tomate Conserve SIM 1kg
6133106000378;Tomate Conserve SIM 400g
6133212000033;Tomate Conserve TELLOISE 380g
6935482103960;Toner Imprimante CANON LPB6030
6132500901144;Tortilla 30cm x10
6132228700012;Tortilla Tacos Super
1000000023268;Traversin 80cm Luxe Blanc
6132521931618;Trousse ALGO (AL7324)
6935023168731;Trousse TECHNO (6873)
1000000031676;Trousse TECHNO (6512)
1000000031690;Trousse TECHNO (7400)
1000000031683;Trousse TECHNO (7408)
1000000018424;Trousseau Fournitures Scolaires TECHNO L
1000000018417;Trousseau Fournitures Scolaires TECHNO M
1000000018370;Trousseau Fournitures Scolaires TECHNO P1
1000000018387;Trousseau Fournitures Scolaires TECHNO P2
1000000018394;Trousseau Fournitures Scolaires TECHNO P3
1000000018400;Trousseau Fournitures Scolaires TECHNO P4 & P5
1000000018363;Trousseau Fournitures Scolaires TECHNO Préscolaire
1000000033212;Théa Pot 1200ml RSH00812FF
1000000033267;Théa Pot 3 Pièces
1000000038873;Téléviseur TCL 43" UHD Smart
1000000026702;Téléviseur BRANDT 50" Android
1000000015454;Téléviseur CONDOR 32" Smart / Androïde SR M5 (32SM560)
1000000015447;Téléviseur CONDOR 40" Smart (40SD520)
1000000015461;Téléviseur CONDOR 43" FHD Smart Frameless SR M5 (43SM560)
1000000023442;Téléviseur GEANT LED 32" HD Smart (GN-E32A71SM11-N)
1000000017328;Téléviseur GEANT LED 32" HD VIDAA (GN-E32A71VDA-N)
1000000026917;Téléviseur GEANT LED 32" HD Noire Frameless (GN-E32A71HD-N)
1000000017335;Téléviseur GEANT LED 40" HD VIDAA (GN-E40DM1SM11-N)
1000000017397;Téléviseur GEANT LED 43" HD VIDAA (GN-E43A71FH-N)
1000000017342;Téléviseur GEANT LED 50" HD VIDAA (GN-TK50F3UF-N)
1000000017359;Téléviseur GEANT LED 65" HD VIDAA (GE-65S73U-N)
1000000030211;Téléviseur IRIS 50" Smart 4K
1000000025736;Téléviseur IRIS 32" Google TV
1000000015218;Téléviseur IRIS 32" LED HD GOOGLE TV (32G4010)
1000000025941;Téléviseur IRIS 40" Basic
1000000025927;Téléviseur IRIS 40" Google TV
1000000015201;Téléviseur IRIS 43" FHD GOOGLE TV (43G4010)
1000000025729;Téléviseur IRIS 43" Google TV
1000000026856;Téléviseur IRIS 55" LED UHD GOOGLE (55G5010)
1000000025873;Téléviseur IRIS 58" Google TV
1000000026283;Téléviseur IRIS 65" Google TV
1000000018158;Téléviseur IRIS 65" TV 4K QLED
1000000014518;Téléviseur MAXWELL Dolby 55" 4K Ultra HD/Smart (MAX-U55MV50)
1000000014532;Téléviseur MAXWELL 32" HD/Smart Android11 Démo Intégré Frameless Dolby Silver (MAX-32M30)
1000000015300;Téléviseur MAXWELL 50" 4K VIDAA Smart (MAX-U50MV50)
1000000015317;Téléviseur MAXWELL 65" 4K VIDAA Smart (MAX-U65MV50)
1000000014525;Téléviseur MAXWELL Dolby 65" 4K Ultra HD/Smart (MAX-U65MV50)
1000000014471;Téléviseur MAXWELL Silver 50" 4K Ultra HD/Smart (MAX-U50MV50)
1000000028836;Téléviseur SAMSUNG 50" 125 UHD Smart 4K AU7000
1000000002706;Téléviseur SAMSUNG 50" Smart 4K
1000000026368;Téléviseur STREAM 43" Android 4K
1000000023756;Téléviseur STREAM 43" Android
1000000023152;Téléviseur STREAM 43" Android (43A50)
1000000026849;Téléviseur STREAM 43" Android (43A50UHD)
1000000015348;Téléviseur STREAM 50" 4K SM (50A50)
1000000026290;Téléviseur STREAM 50" Android 4K
1000000026832;Téléviseur STREAM 55" 4K (55A50)
1000000026030;Téléviseur STREAM 55" Android 4K
1000000015331;Téléviseur STREAM LED 43" 4K Android (43A50UHD)
1000000038880;Téléviseur TCL 50" UHD 4K Smart Google TV (50P755)
1000000038859;Téléviseur TCL 50" UHD 4K Smart Google TV S6 (50P635 N°20)
1000000038835;Téléviseur TCL 55C655 55" QLED UHD 4K 120Hz Smart Google TV Game Acc (N°18)
1000000038842;Téléviseur TCL 55P635 55" UHD 4K Smart (N°19)
1000000038866;Téléviseur TCL 65" UHD Smart Google TV (N°88 Ref 65P755)
1000000027297;Télévision GEANT LED 43" FHD Noir (GN-TK43G2FH-N)
6134673001966;Tête De Loup Avec Manche FABRO
1000000006254;Vanille - vrac
1000000013009;Vanille Professionnelle - vrac
1000000022704;Vanille YASMINE D'OR
1000000027556;Vase
6133297000218;Vaseline DIMA BELLE 45g
6134673002031;Venteuse FABRO
1000000000382;Vermicelle Choco EL-GUIZLENE - vrac
1000000013191;Vermicelle Couleur EL-GUIZLENE - vrac
6131506003074;Verre Café PM HOME LIFE (707011)
1000000005905;Viande Bovine
1000000005912;Viande Ovine
6130732003414;Vichy BENHAROUNE 1L
6130093010335;Vichy IFRI 0.33L
6130093060644;Vichy IFRI 1L
6130234003615;Vichy LALLA KHEDIDJA 1L
6130234003622;Vichy LALLA KHEDIDJA x6
6130632000049;Vinaigre CASBAH 75cl
6132207900099;Vinaigre EL WISSAME 50ml
6132207900129;Vinaigre EL WISSAME 50cl
6130458000445;Vinaigre NASSAH 400ml
6130458000421;Vinaigre NASSEH 720ml
6132097200088;Vinaigre NOUAR 64cl
6135031000010;Vinaigre SAICO Pomme 25cl
6130214300987;Vinaigre SIDNA Blanc 70cl
6130214300642;Vinaigre SIDNA Rouge 70cl
6135206001811;Vinaigre STAR 700ml
6132538970044;Vinaigre TABA 750cl
769503730004;Vinaigre Blanc Nature LE TIGRE BLANC Nettoyant 1L
769503730059;Vinaigre Blanc Parfumé LE TIGRE BLANC Nettoyant 1L
6132519800247;Vinaigre De Pomme CERFA 250ml
6135293000278;Vinaigre De Pomme CERFA 370ml
6134731000603;Vinaigre De Pomme ELKOLLA 500ml
6135206002337;Vinaigrette STAR 500g
6130760007132;Yaourt SOUMMAM Greek 100g
6130760003011;Yaourt ACTI+
6130760002915;Yaourt Aladin
6130760001482;Yaourt BNINA
6130760000256;Yaourt CEREALO
6130760002595;Yaourt DIALNA Mini
6130760002359;Yaourt DIALNA 100g
6132417700137;Yaourt EL-ASSIL 1L
6130760000836;Yaourt FORT
6134180220652;Yaourt GOYA 125g
6130760002533;Yaourt JNINA
6130760004070;Yaourt Lait Fraise
6130760000102;Yaourt Nature SOUMMAM
6130760000515;Yaourt PATISSIERS Tarte Au Fraise
6130760002809;Yaourt Petit Suisse Nature
6130760002526;Yaourt SOUMMAM Banakouta
6130760001598;Yaourt Au Fruits Bicouche SOUMMAM
6130760001505;Yaourt Brassé SOUMMAM Mamzoudj
6130760000171;Yaourt Flan SOUMMAM - Caramel
6130760005541;Yaourt Flan SOUMMAM - Chocolat
6130760000867;Yaourt Light SOUMMAM
6134614000225;Yaourt À Boire CHIHA 1L
1000000000498;Yaourt À Boire CHIHA 33cl
6130760003615;Yaourt À Boire ALADIN
6130760003547;Yaourt À Boire ALADIN Fraise 100g
6130760006746;Yaourt À Boire Céréalo SOUMMAM 1L
6130760006135;Yaourt À Boire J'NINA Fraise 500g
6130760004100;Yaourt À Boire JNINA 170g
6130760004919;Yaourt À Boire JNINA 1L
6130760006333;Yaourt À Boire JNINA Fruits 500g
6130760003196;Yaourt À Boire PATISSIERS Tarte Au Fraise 1kg
6130760005992;Yaourt À Boire PATISSIERS Tarte Au Fraise 500g
6130760006395;Yaourt À Boire YAGO 0.5kg
6130760004360;Yaourt À Boire YAGO 170g
6130760004353;Yaourt À Boire YAGO 1L
1000000037296;Plaque Chauffante 60cm Encastrable GK-PF2C6E-FFD-I
6132500901144;Tortilla 30cm x10
6132228700012;Tortilla Tacos Super
1000000023268;Traversin 80cm Luxe Blanc
6132521931618;Trousse ALGO (AL7324)
6935023168731;Trousse TECHNO (6873)
1000000031676;Trousse TECHNO (6512)
1000000031690;Trousse TECHNO (7400)
1000000031683;Trousse TECHNO (7408)
1000000018424;Trousseau Fournitures Scolaires TECHNO L
1000000018417;Trousseau Fournitures Scolaires TECHNO M
1000000018370;Trousseau Fournitures Scolaires TECHNO P1
1000000018387;Trousseau Fournitures Scolaires TECHNO P2
1000000018394;Trousseau Fournitures Scolaires TECHNO P3
1000000018400;Trousseau Fournitures Scolaires TECHNO P4 & P5
1000000018363;Trousseau Fournitures Scolaires TECHNO Préscolaire
1000000033212;Théa Pot 1200ml RSH00812FF
1000000033267;Théa Pot 3 Pièces
1000000038873;Téléviseur TCL 43" UHD Smart
1000000026702;Téléviseur BRANDT 50" Android
1000000015454;Téléviseur CONDOR 32" Smart Androïde SR M5 (32SM560)
1000000015447;Téléviseur CONDOR 40" Smart (40SD520)
1000000015461;Téléviseur CONDOR 43" FHD Smart Frameless SR M5 (43SM560)
1000000023442;Téléviseur GEANT LED 32" HD Smart (GN-E32A71SM11-N)
1000000017328;Téléviseur GEANT LED 32" HD VIDAA (GN-E32A71VDA-N)
1000000026917;Téléviseur GEANT LED 32" HD Noire Frameless (GN-E32A71HD-N)
1000000017335;Téléviseur GEANT LED 40" HD VIDAA (GN-E40DM1SM11-N)
1000000017397;Téléviseur GEANT LED 43" HD VIDAA (GN-E43A71FH-N)
1000000017342;Téléviseur GEANT LED 50" HD VIDAA (GN-TK50F3UF-N)
1000000017359;Téléviseur GEANT LED 65" HD VIDAA (GE-65S73U-N)
1000000030211;Téléviseur IRIS 50" Smart 4K
1000000025736;Téléviseur IRIS 32" Google TV
1000000015218;Téléviseur IRIS 32" LED HD GOOGLE TV (32G4010)
1000000025941;Téléviseur IRIS 40" Basic
1000000025927;Téléviseur IRIS 40" Google TV
1000000015201;Téléviseur IRIS 43" FHD GOOGLE TV (43G4010)
1000000025729;Téléviseur IRIS 43" Google TV
1000000026856;Téléviseur IRIS 55" LED UHD GOOGLE (55G5010)
1000000025873;Téléviseur IRIS 58" Google TV
1000000026283;Téléviseur IRIS 65" Google TV
1000000018158;Téléviseur IRIS 65" TV 4K QLED
1000000014518;Téléviseur MAXWELL Dolby 55" 4K Ultra HD Smart (MAX-U55MV50)
1000000014532;Téléviseur MAXWELL 32" HD Smart Android11 Démo Frameless Dolby Silver (MAX-32M30)
1000000015300;Téléviseur MAXWELL 50" 4K VIDAA Smart (MAX-U50MV50)
1000000015317;Téléviseur MAXWELL 65" 4K VIDAA Smart (MAX-U65MV50)
1000000014525;Téléviseur MAXWELL Dolby 65" 4K Ultra HD Smart (MAX-U65MV50)
1000000014471;Téléviseur MAXWELL Silver 50" 4K Ultra HD Smart (MAX-U50MV50)
1000000028836;Téléviseur SAMSUNG 50" 125 UHD Smart 4K AU7000
1000000002706;Téléviseur SAMSUNG 50" Smart 4K
1000000026368;Téléviseur STREAM 43" Android 4K
1000000023756;Téléviseur STREAM 43" Android
1000000023152;Téléviseur STREAM 43" Android (43A50)
1000000026849;Téléviseur STREAM 43" Android (43A50UHD)
1000000015348;Téléviseur STREAM 50" 4K SM (50A50)
1000000026290;Téléviseur STREAM 50" Android 4K
1000000026832;Téléviseur STREAM 55" 4K (55A50)
1000000026030;Téléviseur STREAM 55" Android 4K
1000000015331;Téléviseur STREAM LED 43" 4K Android (43A50UHD)
1000000038880;Téléviseur TCL 50" UHD 4K Smart Google TV (50P755)
1000000038859;Téléviseur TCL 50" UHD 4K Smart Google TV S6 (50P635 N°20)
1000000038835;Téléviseur TCL 55C655 55" QLED UHD 4K 120Hz Smart Google TV Game Acc (N°18)
1000000038842;Téléviseur TCL 55P635 55" UHD 4K Smart (N°19)
1000000038866;Téléviseur TCL 65" UHD Smart Google TV (N°88 Ref 65P755)
1000000027297;Télévision GEANT LED 43" FHD Noir (GN-TK43G2FH-N)
6134673001966;Tête De Loup Avec Manche FABRO
1000000006254;Vanille - vrac
1000000013009;Vanille Professionnelle - vrac
1000000022704;Vanille YASMINE D'OR
1000000027556;Vase
6133297000218;Vaseline DIMA BELLE 45g
6134673002031;Venteuse FABRO
1000000000382;Vermicelle Choco EL-GUIZLENE - vrac
1000000013191;Vermicelle Couleur EL-GUIZLENE - vrac
6131506003074;Verre Café PM HOME LIFE (707011)
1000000005905;Viande Bovine
1000000005912;Viande Ovine
6130732003414;Vichy BENHAROUNE 1L
6130093010335;Vichy IFRI 0.33L
6130093060644;Vichy IFRI 1L
6130234003615;Vichy LALLA KHEDIDJA 1L
6130234003622;Vichy LALLA KHEDIDJA x6
6130632000049;Vinaigre CASBAH 75cl
6132207900099;Vinaigre EL WISSAME 50ml
6132207900129;Vinaigre EL WISSAME 50cl
6130458000445;Vinaigre NASSAH 400ml
6130458000421;Vinaigre NASSEH 720ml
6132097200088;Vinaigre NOUAR 64cl
6135031000010;Vinaigre SAICO Pomme 25cl
6130214300987;Vinaigre SIDNA Blanc 70cl
6130214300642;Vinaigre SIDNA Rouge 70cl
6135206001811;Vinaigre STAR 700ml
6132538970044;Vinaigre TABA 750cl
769503730004;Vinaigre Blanc Nature LE TIGRE BLANC Nettoyant 1L
769503730059;Vinaigre Blanc Parfumé LE TIGRE BLANC Nettoyant 1L
6132519800247;Vinaigre De Pomme CERFA 250ml
6135293000278;Vinaigre De Pomme CERFA 370ml
6134731000603;Vinaigre De Pomme ELKOLLA 500ml
6135206002337;Vinaigrette STAR 500g
6130760007132;Yaourt SOUMMAM Greek 100g
6130760003011;Yaourt ACTI+
6130760002915;Yaourt Aladin
6130760001482;Yaourt BNINA
6130760000256;Yaourt CEREALO
6130760002595;Yaourt DIALNA Mini
6130760002359;Yaourt DIALNA 100g
6132417700137;Yaourt EL-ASSIL 1L
6130760000836;Yaourt FORT
6134180220652;Yaourt GOYA 125g
6130760002533;Yaourt JNINA
6130760004070;Yaourt Lait Fraise
6130760000102;Yaourt Nature SOUMMAM
6130760000515;Yaourt PATISSIERS Tarte Au Fraise
6130760002809;Yaourt Petit Suisse Nature
6130760002526;Yaourt SOUMMAM Banakouta
6130760001598;Yaourt Au Fruits Bicouche SOUMMAM
6130760001505;Yaourt Brassé SOUMMAM Mamzoudj
6130760000171;Yaourt Flan SOUMMAM - Caramel
6130760005541;Yaourt Flan SOUMMAM - Chocolat
6130760000867;Yaourt Light SOUMMAM
6134614000225;Yaourt À Boire CHIHA 1L
1000000000498;Yaourt À Boire CHIHA 33cl
6130760003615;Yaourt À Boire ALADIN
6130760003547;Yaourt À Boire ALADIN Fraise 100g
6130760006746;Yaourt À Boire Céréalo SOUMMAM 1L
6130760006135;Yaourt À Boire J'NINA Fraise 500g
6130760004100;Yaourt À Boire JNINA 170g
6130760004919;Yaourt À Boire JNINA 1L
6130760006333;Yaourt À Boire JNINA Fruits 500g
6130760003196;Yaourt À Boire PATISSIERS Tarte Au Fraise 1kg
6130760005992;Yaourt À Boire PATISSIERS Tarte Au Fraise 500g
6130760006395;Yaourt À Boire YAGO 0.5kg
6130760004360;Yaourt À Boire YAGO 170g
6130760004353;Yaourt À Boire YAGO 1L
1000000037296;Plaque Chauffante 60cm Encastrable (GK-PF2C6E-FFD-I)
1000000037302;Chauffe Bain 12L Metal Panel GN-CBH12D-I
1000000037760;Chauffe Bain ENIEM 10L GN E24 Avec Détecteur (287 890)
1000000027259;Chauffe Bain GEANT GN-CBH140 10L
1000000026597;Chauffe Bain JUNKER 05L
1000000026580;Chauffe Bain JUNKER 11L (W11-2 P23)
1000000026306;Chauffe Bain MIDEA 10L JSD20
1000000026245;Chauffe Bain MIDEA 6L
1000000032260;Chauffe Bain SONARIC 12L Avec Détecteur CO2 (23477.15)
1000000032277;Chauffe Bain SONARIC Avec Détecteur CO2 6L
6132500510469;Chawarma De Poulet FROM
745114926081;Cheddar HOLLANDA
6132507370080;Cheddar Boudin VITE FAIT 230g
6134180220508;Cherbat GOYA En Carton 1L
6134614000379;Cherbette CHIHIA 1L
6130760002694;Cherbette SOUMMAM Laymouna 1L
6134673002154;Chiffon FABRO Spéciale Vitre
6135314000072;Chiffon De Tissu En Rouleau MB TEXTIL Quick x20P
6133871000214;Chiffon De Tissu En Rouleau PRIMA CLEAN x20P
6134598004981;Chiffon Microfibre LIFE Double Face 30x30cm
6132198500117;Chiffon Microfibre MAXIN CLEAR Spécial Vitre
6130063402184;Chiffon Microfibre PRIMA CLEAN Multi Usage
6134866013714;Chiffon Microfibre STAR BROSS Spécial Vitre
6136245000049;Chips - vrac
6132263900033;Chips 21g
6136044000059;Chips 6g
6132263900026;Chips FOX-ONE 12g
6132263900255;Chips FOX-ONE 24g
6135465000105;Chips LUX - vrac
6130336002974;Chips MAHBOUL FRITOS 100g
6134460002909;Chips MIXO - vrac
9557062321396;Chips POTATO 45g
9557062361187;Chips POTATO MISTER 100g
6135199000402;Chips SILVERS Fromage 160g
6135199000686;Chips SILVERS 45g
6135199000525;Chips SILVERS Barbecue 75g
6130201379620;Chips TIMO 10g
6134966000034;Chips TIMO 8g
6136245000056;Chips Cornet BBQ - vrac
1000000041019;Chips Feuilles - vrac
6133414008981;Chocolat MOMENT Les Croquants Noisette Et Raisin 145g
6133414007045;Chocolat MOMENT Tablette Raisin Éclats De Noisettes
40111216;Chocolat BOUNTY Barre 57g
6133414012216;Chocolat MAGMA Barre 37g
6133414010175;Chocolat MOMENT Barre Blanc Praline Et Éclats De Noisettes
1000000024074;Chocolat MOMENT Barre Caramel + Éclats De Biscuit
6133414013640;Chocolat MOMENT Dubai
1000000033403;Chocolat MOMENT Raisin Éclats De Noisettes
6133414010373;Chocolat MOMENT Barre LE DORE
6133414012872;Chocolat MOMENT Barre Evasion
6133414008967;Chocolat MOMENT Les Croquants
1000000022933;Chocolat MOMENT À La Crème Et Aux Éclats De Biscuit
6132528420184;Chocolat RICE CAKE 60g
6132528420207;Chocolat RICE CAKE PM
6132528420177;Chocolat RICE CAKE Big Family 120g
6134845006393;Chocolat SWAREEN
5000159459228;Chocolat TWIX PF
6133414012155;Chocolat Tablette MAGMA 90g
6133414008837;Chocolat Au Lait HAPPY x30
6133414011714;Chocolat Barette MAXON GOLD 37g
6133414012193;Chocolat Barre MAGMA 37g
6131680000081;Chocolat Glaçage DADA 500g
6132131100039;Chocolat Glaçage EL WEJDENE 250g
1000000013023;Chocolat Glaçage Au Lait 500g
6130234007798;Chocolat Poudre MATINA Sachet 300g
6130206200059;Chocolat Poudre NOVA 300g
6130206200042;Chocolat Poudre NOVA 500g
6008155003673;Chocolat Poudre TWISCO 300g
6008155010350;Chocolat Poudre TWISCO 500g
6130014080119;Chocolat Tablette AMBASSADEUR Noir
6130727000015;Chocolat Tablette CHOCOMI
6133414010359;Chocolat Tablette Éclats De Feuillantine
6130014080010;Chocolat Tablette EMBASSADEUR Blanc
6130014081604;Chocolat Tablette EXELLENCE
6133414012179;Chocolat Tablette MAGMA 90g
7622300850456;Chocolat Tablette MANDOLIN
6132516860060;Chocolat Tablette MARUDJA
6133414000824;Chocolat Tablette MAXON 100g
6133414003733;Chocolat Tablette MAXON Éclat De Cacahuètes 150g
6133414011684;Chocolat Tablette MAXON GOLD 95g
6133414001388;Chocolat Tablette MAXON Au Lait Et Amande 150g
7622210999368;Chocolat Tablette MILKA
6133414006963;Chocolat Tablette MOMENT Caramel Crème
6133414012834;Chocolat Tablette MOMENT Evasion
6133414010779;Chocolat Tablette MOMENT LE DORE 100g
6133414004051;Chocolat Tablette MOMENT Noisette
6132500980132;Chocolat Tablette NICE 100g
6132500981030;Chocolat Tablette NICE Noisette
6133414008462;Chocolat Tablette SOLTANA 100g
6131940000257;Chwingum En Sachet L'HABIB
1000000038699;Chicorée CITY ONE Pot 200g x6
1000000038705;Chicorée CITY ONE Pot 70g x12
6131988250003;Cigare AMINE
CCS1000000015812;Cigare AMINE x50 Mini
6133414010113;Cigare Fourré REGALO 57g
6134673000198;Cintre FABRO Gold 3 Pièces
6132502413126;Cirage NET SHOES 75ml Noir
6132502270774;Cirage PALC Crème 50ml
6132502270798;Cirage PALC Transparent 50ml
8690757702009;Cirage SILVER Vaporisé Noir 200ml
6132472500017;Cirage VENUS Liquide 75ml
1000000024753;Cirage Avec Brosse
6251592992950;Ciseau VERTEX (VS001)
9251592992943;Ciseau VERTEX (VS0802)
6935023170659;Ciseaux Scolaires TECHNO (7065)
6132312400033;Citron MAGISTRAL Assaisonnement 200ml
1000000041293;Citron Mariné - vrac
6130760006692;Citronnade SOUMMAM En Carton 1L
6130834001172;Citronnade TREFLE
6130449064005;Classeur 4 Anneaux CONVERSE
703625650871;Classeur À 4 Anneaux A4 TECHNO (5087)
1000000015164;Climatiseur ALPHA 18K (CS18-AL54T3)
1000000015171;Climatiseur ALPHA Inverter 12BTU (CS12-AL44T3)
1000000030532;Climatiseur BRANDT Tropical 12000 BTU
1000000030389;Climatiseur BRANDT Tropical 9000 BTU
1000000018097;Climatiseur CONDOR 12000 BTU T3 (CS12-AL44T3)
1000000018103;Climatiseur CONDOR 18000 BTU (CS18-AL54 T3-0)
1000000037531;Climatiseur ENIEM 12000 BTU Inverter T3 (287 875)
1000000037524;Climatiseur ENIEM 18000 BTU Inverter T3 (287 970)
1000000032239;Climatiseur ENIEM Split 9000 BTU
1000000017298;Climatiseur GEANT 12000 BTU Tropical Inverter (GN-MCS12)
1000000017304;Climatiseur GEANT 18000 BTU Tropical Inverter (GN-MCS18)
1000000017311;Climatiseur GEANT 24000 BTU Tropical Inverter (GN-MCS 24)
1000000018110;Climatiseur GEANT 9000 BTU Tropical Inverter (GN-MCS09)
1000000030365;Climatiseur MAXWELL 18000 BTU Tropical
1000000014358;Climatiseur MAXWELL 24000 BTU Tropical (Mx-24CH/T)
1000000018080;Climatiseur MIDEA Inverter 12000 BTU (MSA G11-12HRDNA1-QC0 DC FULL)
1000000018141;Climatiseur MIDEA Inverter 24000 BTU
1000000015287;Climatiseur MIDEA (MSAGC-18HRN1 R410)
1000000038828;Climatiseur TCL Split 18000 BTU Inverter Tropical (TAC-18CHSA/XA73I)
1000000038811;Climatiseur TCL Split 12000 BTU Inverter Tropical (TAC-12CHSA/XA73I)
1000000030372;Climatiseur TCL 12000 BTU Tropical
1000000030525;Climatiseur TCL 18000 BTU Tropical
1000000026061;Cloche À Gâteau 3096
1000000025682;Cocotte Minute BBF 4
1000000026191;Cocotte Minute BBF 8-DJ
1000000026207;Cocotte Minute BBF BC-26
1000000026481;Cocotte Minute BE22
6132369500168;Cocktail De Fruits DELICE 425g
6139990001118;Cocktail De Fruits VEGA 425g
6935023149006;Colle Forte Super Glue TECHNO (4900)
6936596902135;Colle Stick 15g MINGYUAN (MY2218)
6935023158718;Colle Stick 15g TECHNO (5871)
6935023158756;Colle Stick 21g TECHNO (5875)
6935023169127;Colle Stick 21g TECHNO (6912)
6936596902128;Colle Stick 8g MINGYUAN (MY2208)
6935023158749;Colle Stick 8g TECHNO (5874)
6975276141990;Colle Stick 8g VERSAL (VR113013)
6134283000205;Colle Stick 9g RODESS (C864)
8698548934295;Colle Universelle TECHNO 17g (5237)
6958668746881;Compas LM 2506
6935023169035;Compas TECHNO (6903)
6935023153256;Compas TECHNO (5325)
6935023176361;Compas Ecolier À Gague TECHNO (7636)
6935023172813;Compas À Bague Nippy TECHNO (7281)
6130384001325;Confiture CAB Abricot 900g
6130384000571;Confiture CAB Abricot 425g
6130876000034;Confiture CARM Abricot 800g
6134577000201;Confiture CARM Figue 390g
6130876000010;Confiture CARM Figue 800g
6130365000255;Confiture DELICE Fraise 400g
6131766002404;Confiture FOUARA Abricot 400g
6131410000053;Confiture ITHRI Abricot 800g
6132502220168;Confiture LATINA Figues 380g
6130234006753;Confiture MATINA Abricot 440g
6130234006777;Confiture MATINA Fraise 440g
6130234006678;Confiture MATINA Figues 530g
6130234006579;Confiture MATINA Abricot 280g
6132173900017;Confiture MENAA Figues 400g
6132457700098;Confiture NGAOUS Abricot 800g
6132457700074;Confiture NGAOUS Abricot 400g
6133464000126;Confiture OULHASSA Figues 400g
6130479000370;Confiture SACA Figues 400g
6130098001444;Confiture SICAM Abricot 400g
6130098021442;Confiture SICAM Abricot 800g
6133212000088;Confiture TELLOISE 400g
6133212000071;Confiture TELLOISE Abricot 800g
6133212000477;Confiture TELLOISE Fraise 400g
6133212000125;Confiture TELLOISE Pomme 400g
6130294000166;Confiture TRISTAR Abricot 400g
1000000038088;Confiture VIZYON Abricot 250g
1000000038095;Confiture VIZYON Abricot 380g
1000000038101;Confiture VIZYON Cerise 250g
1000000038118;Confiture VIZYON Cerise 380g
1000000038125;Confiture VIZYON Fraise 250g
1000000038132;Confiture VIZYON Fraise 380g
6133991000699;Confiture ZIMBA Abricot 800g
6132173900024;Confiture Figue MENAA 800g
1000000030433;Congélateur ARCODYM Gris 320L
1000000026382;Congélateur BEKO Vertical
1000000014808;Congélateur CONDOR CFH T13GM03
1000000015355;Congélateur CONDOR CFH-T13M03 102L
1000000030129;Congélateur ENIEM 220 FP S025 Vertical Avec Tiroirs (208 783)
1000000030136;Congélateur ENIEM Bahut 1301/350L Blanc MM (205 202)
1000000015744;Congélateur ENIEM Bahut CF1686 468L GM (205 196)
1000000037142;Congélateur 165L Blanc
1000000037159;Congélateur 200L Blanc (CG-CF270F-B)
1000000037494;Congélateur 200L Gris (CG-CF270F-G)
1000000037166;Congélateur 260L Blanc
1000000043259;Congélateur CONDOR Hori (T39GM05 400/R600A)
1000000042467;Congélateur MIDEA (HS-252C)
1000000042474;Congélateur MIDEA (HS-377C)
1000000037173;Congélateur Vitrée 201L (GN-CPF-254)
1000000038989;Cuisinière ARISTON 04F 60x60 Inox N°80 (A6GG1E (X) EX)
1000000042399;Cuisinière ARCODYM LF 60GGF 40FT Inox Vent
1000000042405;Cuisinière CONDOR Mordjana 4F BCK (MJ462B)
1000000042412;Cuisinière CONDOR Raviola Inox (C46RV20G)
1000000043792;Cuisinière Électrique BRANDT
1000000042429;Cuisinière MULTISMART 4F Vent Honor 6S
1000000042436;Cumulus MIDEA 15FG 100L
1000000042443;Cumulus MIDEA D85/15F 85L
1000000042450;Cumulus MIDEA D50/15F 50L
1000000038392;Cacahuète NUTS ALWAFY NW 35g x20x8
1000000038408;Cacahuète NUTS ALWAFY NW 80g x12x8
1000000038484;Cacahuète NUTS EL YOUM Bidon 5kg
1000000001273;Cacahuète En Coque - vrac
1000000038347;Cacahuète Enrobée EL YOUM BBQ Bidon 2kg
6135906000046;Cacahuète Grillée Salée - vrac
6134460001926;Cacahuètes Salées Et Grillées Goût Fumé
745110261841;Cacahuètes Enrobées Sésame
1000000007558;Cacahuètes Grillées - vrac
1000000006155;Cacahuètes Sucrées - vrac
elwalida02;Cacao - vrac
1000000027488;Cafetière CONDOR (D1510S)
1000000025323;Cafetière Expresso ARCODYM Inox
1000000026221;Cafetière Expresso ARCODYM Inox
6136265000265;Café Arabica En Grain ESPOIR 700g
6132469800038;Café Bi-Café GOLD En Verre 90g
6133566000154;Café Caps GENTLEMEN x10 Capsules
6130080004903;Café Espresso BOUKHARI 60g Capsules
8445290906847;Café NESCAFE Classic Pot 95g
1000000009279;Café En Grain Arabica - vrac
6130711010044;Café En Grain Grillé 100% Arabica Sac 3kg
6130711010129;Café En Grain Grillé 100% Robusta - vrac
1000000038576;Café Instantané CITY ONE Pot 190g x12
1000000038583;Café Instantané CITY ONE Pot 45g x12
6132528200014;Café Moulu 1001 250g
6130661000256;Café Moulu 1001 Goût Espresso 400g
6130661000225;Café Moulu 1001 Goût Espresso 800g
6130194000037;Café Moulu AROMA 250g
1000000028904;Café Moulu BEY 250g
6130711000076;Café Moulu BONAL 250g
6130080004538;Café Moulu BOUKHARI 250g
745110785170;Café Moulu BOUMEGOUAS 250g
6133851000012;Café Moulu DOZIA 250g
6130560000067;Café Moulu FACTO 250g
6130661000102;Café Moulu FAMICO 250g
1000000024814;Café Moulu GOLD
6132098900017;Café Moulu KAHLAOUI 250g
6132098900024;Café Moulu KAHLAOUI 500g
1000000024807;Café Moulu MAXWEL
6132518480273;Café Moulu NAY Robusta 250g
1000000024791;Café Moulu NESCAFE En Pot
6130443000153;Café Moulu NIZIERE 250g
6130080004637;Café Moulu READO 250g
6130661000430;Café Moulu SIGLO 100% Robusta 205g
6133978000018;Café Moulu VICTORIA 250g
6133978000186;Café Moulu VISA 200g
6130661000423;Café Moulu W2 100% Robusta 250g
1000000009262;Café Vert En Grain Robusta - vrac
6132003301809;Café Vert En Grains BONAL 800g 100% Arabica
1000000025330;Cafétière SONASHI (SAF800)
6130472000650;Cahier 3en1 192p HIPPONE
6130472000988;Cahier 5en1 288p HIPPONE
6130375000061;Cahier 64p
6133746000042;Cahier 96p
6131612000356;Cahier Dessin 16p
6133746000080;Cahier T.P 64p GF
6130375000092;Cahier T.P 64p PF
6133776001040;Cahier TP 120p EL HILLAL GF 21x29.7cm
6133776000524;Cahier TP 80p EL HILLAL (TP80)
6133776000784;Cahier TP 96p EL HILLAL
6133776001781;Cahier TP 96p PF 17x22cm
6138993140626;Cahier Coloriage GM ALGERART
6133776000197;Cahier Cousu 288p EL HILLAL
9789931661184;Cahier De Coloriage DAR RWIBAH 166118
1000000019742;Cahier De Correspondance
6133776000814;Cahier Dessin EL HILLAL Uni 32p
6132004794402;Cahier Dessin Quadrillé TECHNO (9440)
6133776000449;Cahier Piqué 120p EL HILLAL
6133776000432;Cahier Piqué 192p EL HILLAL
6133776000395;Cahier Piqué 96p EL HILLAL
6133776002641;Cahier Premium EL HILLAL 96p (0004)
6133776000616;Cahier Ressort 192p EL HILLAL
6133776000913;Cahier Spiral 120p EL HILLAL 17x22cm
6133776000661;Cahier Spiral 192p EL HILLAL
6133776000678;Cahier Spiral 288p EL HILLAL (0067)
1000000014662;Caissette Pour Gâteaux
6134387000170;Cake Donut Bibila 100g
6935023178860;Calculatrice Mini TECHNO (7886)
6135087000200;Calque A4 EXCELLES 21x29.7cm (0020)
6136036000012;Camembert BELLE DES CHAMPS 500g
1000000044638;Camembert Coeur De Kabylie
6131032000011;Camembert ESSENDOU 250g
6131032000141;Camembert ESSENDOU Demi Brie 250g
6131032000158;Camembert ESSENDOU La Mini 125g
6131032000233;Camembert ESSENDOU Classique 180g
6132503530075;Camembert LE FERMIER 140g
6132503530013;Camembert LE FERMIER 250g
6132503530198;Camembert LE FERMIER Carré 200g
6133145000094;Camembert LE GOUT 120g
6132503530525;Camembert LE VIEUX FERMIER 250g
6130759001011;Camembert PRESIDENT 145g
6130834000038;Camembert SIDI SAADA 250g
6130803000052;Camembert TASSILI
6130803000045;Camembert TASSILI Carré 250g
6130784000096;Camembert TIFRALAIT Le Familial 350g
6130784000034;Camembert TIFRALAIT Le Tigre De Mizrana 250g
6132107400361;Camembert La Chèvre ALOUANI 140g
6133401641054;Camembert La Vache TOUKREM 240g
6130784000072;Camembert Portions TIFRALAIT 250g
6130784000348;Camembert Portions TIFRALAIT Le Familial
1000000027501;Caméscope SAMSUNG (HMX F90)
1000000038613;Cappuccino CITY-ONE 12x125g
1000000038606;Cappuccino CITY-ONE 12x200g
1000000038637;Cappuccino CITY-ONE 12x70g
1000000028461;Caprice Bubble Gum Menthe 10P
1000000038644;Capsules POZ
61310550702810;Caramel TOFIAN 500g
6132501338260;Caramel Au Lait ECLAIRES 210g
6132004794457;Carnet Colle P cm TECHNO
6132004794099;Carnet Spiral 50F A6 TECHNO (9409)
6130992001922;Carte Les Fruits DARELTIAF 12
16935023185148;Cartouche Bleue Marqueur Tableau TECHNO (4994-8514-8512-8508-8509-8511-8510)
6935023149969;Cartouche D'encre Thinky TECHNO (4996 4994)
1000000020175;Cartouche Stylo À Plume Bleu Boîte De 6 Pcs (0566)
6130015061933;Casse Croûte BIMO
1000000026337;Casserolle 3P GM5208G
1000000026092;Casserolle 4P GM5208B
1000000025859;Casserolle 4P GM5282S
liliane39;Cerise Confit LILIANE 100g
6134971000555;Chakh-choukha BARAKA 500g
1000000029727;Chakh-choukha BARAKA 900g
6133964000015;Chakh-choukha ELSANOUABAR 900g
1000000027402;Chambre À Coucher Maron
1000000030341;Chambre À Coucher Blanche
1000000023077;Chambre À Coucher Complète
1000000036763;Chambre À Coucher Maron En Bois Rouge
1000000036749;Chambre À Coucher Noire En Bois Rouge
6134429000212;Chamia BIFA PM
6132501549871;Chamia PAPILLON En Boîte
6134196000460;Champignon BONO Coupé En Métal 1er Choix 150g
1000000037845;Champignon EXTRA P&M 380g
1000000037838;Champignon EXTRA Entier 380g
6134196000675;Champignon En Tranche LA PETITE FERME 360g
6132041501131;Champignon En Tranche VITER 400g
6136542000605;Champignon En Verre Tranche VITER 400g
6134196000453;Champignon Entier BONO 160g
6134196000163;Champignon Entier BONO 300g
6134196000545;Champignon Entier LE JARDINIER 360g
6132041501933;Champignon Entier PARIS 1.8kg
6134196000682;Champignon Entier PETITE FERME 360g
6136542000292;Champignon Entier VITER 400g
6134196000521;Champignon Morceau LE-JARDINIER 1.8kg
6134274002065;Champignon Tranche CASTILO 400g
6939256882617;Champignon Tranche DELICE 280g
6132041501858;Champignon Tranche PARIS 1.8kg
6136542000117;Champignon Tranche En Acier VITER 400g
6130929000042;Chapelure Pour Pizza SABALAIT
6130586000065;Chapelure BELLAT
1000000002683;Chapelure FROM
6132372100027;Chapelure Cheddar GOOD CHEESE
6132417700069;Charbet En Sachet 1L
1000000032284;Chaudière Murale SONARIC 24KW Ventouse
1000000037586;Chaudière Murale SONARIC 30KW Ventouse (TFD206)
1000000037302;Chauffe Bain 12L Metal Panel (GN-CBH12D-I)
1000000037760;Chauffe Bain ENIEM 10L GN E24 Avec Détecteur (287 890)
1000000027259;Chauffe Bain GEANT (GN-CBH140 10L)
1000000026597;Chauffe Bain JUNKER 05L
1000000026580;Chauffe Bain JUNKER 11L (W11-2 P23)
1000000026306;Chauffe Bain MIDEA 10L (JSD20)
1000000026245;Chauffe Bain MIDEA 6L
1000000032260;Chauffe Bain SONARIC 12L Avec Détecteur CO2 (23477.15)
1000000032277;Chauffe Bain SONARIC Avec Détecteur CO2 6L
6132500510469;Chawarma De Poulet FROM
745114926081;Cheddar HOLLANDA
6132507370080;Cheddar Boudin VITE FAIT 230g
6134180220508;Cherbat GOYA En Carton 1L
6134614000379;Cherbette CHIHIA 1L
6130760002694;Cherbette SOUMMAM Laymouna 1L
6134673002154;Chiffon FABRO Spéciale Vitre
6135314000072;Chiffon De Tissu En Rouleau MB TEXTIL Quick x20P
6133871000214;Chiffon De Tissu En Rouleau PRIMA CLEAN x20P
6134598004981;Chiffon Microfibre LIFE Double Face 30x30cm
6132198500117;Chiffon Microfibre MAXIN CLEAR Spécial Vitre
6130063402184;Chiffon Microfibre PRIMA CLEAN Multi Usage
6134866013714;Chiffon Microfibre STAR BROSS Spécial Vitre
6136245000049;Chips - vrac
6132263900033;Chips 21g
6136044000059;Chips 6g
6132263900026;Chips FOX-ONE 12g
6132263900255;Chips FOX-ONE 24g
6135465000105;Chips LUX - vrac
6130336002974;Chips MAHBOUL FRITOS 100g
6134460002909;Chips MIXO - vrac
9557062321396;Chips POTATO 45g
9557062361187;Chips POTATO MISTER 100g
6135199000402;Chips SILVERS Fromage 160g
6135199000686;Chips SILVERS 45g
6135199000525;Chips SILVERS Barbecue 75g
6130201379620;Chips TIMO 10g
6134966000034;Chips TIMO 8g
6136245000056;Chips Cornet BBQ - vrac
1000000041019;Chips Feuilles - vrac
6133414008981;Chocolat MOMENT Les Croquants Noisette Et Raisin 145g
6133414007045;Chocolat MOMENT Tablette Raisin Éclats De Noisettes
40111216;Chocolat BOUNTY Barre 57g
6133414012216;Chocolat MAGMA Barre 37g
6133414010175;Chocolat MOMENT Barre Blanc Praline Et Éclats De Noisettes
1000000024074;Chocolat MOMENT Barre Caramel + Éclats De Biscuit
6133414013640;Chocolat MOMENT Dubai
1000000033403;Chocolat MOMENT Raisin Éclats De Noisettes
6133414010373;Chocolat MOMENT Barre LE DORE
6133414012872;Chocolat MOMENT Barre Evasion
6133414008967;Chocolat MOMENT Les Croquants
1000000022933;Chocolat MOMENT À La Crème Et Aux Éclats De Biscuit
6132528420184;Chocolat RICE CAKE 60g
6132528420207;Chocolat RICE CAKE PM
6132528420177;Chocolat RICE CAKE Big Family 120g
6134845006393;Chocolat SWAREEN
5000159459228;Chocolat TWIX PF
6133414012155;Chocolat Tablette MAGMA 90g
6133414008837;Chocolat Au Lait HAPPY x30
6133414011714;Chocolat Barette MAXON GOLD 37g
6133414012193;Chocolat Barre MAGMA 37g
6131680000081;Chocolat Glaçage DADA 500g
6132131100039;Chocolat Glaçage EL WEJDENE 250g
1000000013023;Chocolat Glaçage Au Lait 500g
6130234007798;Chocolat Poudre MATINA Sachet 300g
6130206200059;Chocolat Poudre NOVA 300g
6130206200042;Chocolat Poudre NOVA 500g
6008155003673;Chocolat Poudre TWISCO 300g
6008155010350;Chocolat Poudre TWISCO 500g
6130014080119;Chocolat Tablette AMBASSADEUR Noir
6130727000015;Chocolat Tablette CHOCOMI
6133414010359;Chocolat Tablette Éclats De Feuillantine
6130014080010;Chocolat Tablette EMBASSADEUR Blanc
6130014081604;Chocolat Tablette EXELLENCE
6133414012179;Chocolat Tablette MAGMA 90g
7622300850456;Chocolat Tablette MANDOLIN
6132516860060;Chocolat Tablette MARUDJA
6133414000824;Chocolat Tablette MAXON 100g
6133414003733;Chocolat Tablette MAXON Éclat De Cacahuètes 150g
6133414011684;Chocolat Tablette MAXON GOLD 95g
6133414001388;Chocolat Tablette MAXON Au Lait Et Amande 150g
7622210999368;Chocolat Tablette MILKA
6133414006963;Chocolat Tablette MOMENT Caramel Crème
6133414012834;Chocolat Tablette MOMENT Evasion
6133414010779;Chocolat Tablette MOMENT LE DORE 100g
6133414004051;Chocolat Tablette MOMENT Noisette
6132500980132;Chocolat Tablette NICE 100g
6132500981030;Chocolat Tablette NICE Noisette
6133414008462;Chocolat Tablette SOLTANA 100g
6131940000257;Chwingum En Sachet L'HABIB
6132500901144;Tortilla 30cm x10
6132228700012;Tortilla Tacos Super
1000000023268;Traversin 80cm Luxe Blanc
6132521931618;Trousse ALGO (AL7324)
6935023168731;Trousse TECHNO (6873)
1000000031676;Trousse TECHNO (6512)
1000000031690;Trousse TECHNO (7400)
1000000031683;Trousse TECHNO (7408)
1000000018424;Trousseau Fournitures Scolaires TECHNO L
1000000018417;Trousseau Fournitures Scolaires TECHNO M
1000000018370;Trousseau Fournitures Scolaires TECHNO P1
1000000018387;Trousseau Fournitures Scolaires TECHNO P2
1000000018394;Trousseau Fournitures Scolaires TECHNO P3
1000000018400;Trousseau Fournitures Scolaires TECHNO P4 & P5
1000000018363;Trousseau Fournitures Scolaires TECHNO Préscolaire
1000000033212;Théa Pot 1200ml RSH00812FF
1000000033267;Théa Pot 3 Pièces
1000000038873;Téléviseur TCL 43" UHD Smart
1000000026702;Téléviseur BRANDT 50" Android
1000000015454;Téléviseur CONDOR 32" Smart Androïde SR M5 (32SM560)
1000000015447;Téléviseur CONDOR 40" Smart (40SD520)
1000000015461;Téléviseur CONDOR 43" FHD Smart Frameless SR M5 (43SM560)
1000000023442;Téléviseur GEANT LED 32" HD Smart (GN-E32A71SM11-N)
1000000017328;Téléviseur GEANT LED 32" HD VIDAA (GN-E32A71VDA-N)
1000000026917;Téléviseur GEANT LED 32" HD Noire Frameless (GN-E32A71HD-N)
1000000017335;Téléviseur GEANT LED 40" HD VIDAA (GN-E40DM1SM11-N)
1000000017397;Téléviseur GEANT LED 43" HD VIDAA (GN-E43A71FH-N)
1000000017342;Téléviseur GEANT LED 50" HD VIDAA (GN-TK50F3UF-N)
1000000017359;Téléviseur GEANT LED 65" HD VIDAA (GE-65S73U-N)
1000000030211;Téléviseur IRIS 50" Smart 4K
1000000025736;Téléviseur IRIS 32" Google TV
1000000015218;Téléviseur IRIS 32" LED HD GOOGLE TV (32G4010)
1000000025941;Téléviseur IRIS 40" Basic
1000000025927;Téléviseur IRIS 40" Google TV
1000000015201;Téléviseur IRIS 43" FHD GOOGLE TV (43G4010)
1000000025729;Téléviseur IRIS 43" Google TV
1000000026856;Téléviseur IRIS 55" LED UHD GOOGLE (55G5010)
1000000025873;Téléviseur IRIS 58" Google TV
1000000026283;Téléviseur IRIS 65" Google TV
1000000018158;Téléviseur IRIS 65" TV 4K QLED
1000000014518;Téléviseur MAXWELL Dolby 55" 4K Ultra HD Smart (MAX-U55MV50)
1000000014532;Téléviseur MAXWELL 32" HD Smart Android11 Démo Frameless Dolby Silver (MAX-32M30)
1000000015300;Téléviseur MAXWELL 50" 4K VIDAA Smart (MAX-U50MV50)
1000000015317;Téléviseur MAXWELL 65" 4K VIDAA Smart (MAX-U65MV50)
1000000014525;Téléviseur MAXWELL Dolby 65" 4K Ultra HD Smart (MAX-U65MV50)
1000000014471;Téléviseur MAXWELL Silver 50" 4K Ultra HD Smart (MAX-U50MV50)
1000000028836;Téléviseur SAMSUNG 50" 125 UHD Smart 4K AU7000
1000000002706;Téléviseur SAMSUNG 50" Smart 4K
1000000026368;Téléviseur STREAM 43" Android 4K
1000000023756;Téléviseur STREAM 43" Android
1000000023152;Téléviseur STREAM 43" Android (43A50)
1000000026849;Téléviseur STREAM 43" Android (43A50UHD)
1000000015348;Téléviseur STREAM 50" 4K SM (50A50)
1000000026290;Téléviseur STREAM 50" Android 4K
1000000026832;Téléviseur STREAM 55" 4K (55A50)
1000000026030;Téléviseur STREAM 55" Android 4K
1000000015331;Téléviseur STREAM LED 43" 4K Android (43A50UHD)
1000000038880;Téléviseur TCL 50" UHD 4K Smart Google TV (50P755)
1000000038859;Téléviseur TCL 50" UHD 4K Smart Google TV S6 (50P635 N°20)
1000000038835;Téléviseur TCL 55C655 55" QLED UHD 4K 120Hz Smart Google TV Game Acc (N°18)
1000000038842;Téléviseur TCL 55P635 55" UHD 4K Smart (N°19)
1000000038866;Téléviseur TCL 65" UHD Smart Google TV (N°88 Ref 65P755)
1000000027297;Télévision GEANT LED 43" FHD Noir (GN-TK43G2FH-N)
6134673001966;Tête De Loup Avec Manche FABRO
1000000006254;Vanille - vrac
1000000013009;Vanille Professionnelle - vrac
1000000022704;Vanille YASMINE D'OR
1000000027556;Vase
6133297000218;Vaseline DIMA BELLE 45g
6134673002031;Venteuse FABRO
1000000000382;Vermicelle Choco EL-GUIZLENE - vrac
1000000013191;Vermicelle Couleur EL-GUIZLENE - vrac
6131506003074;Verre Café PM HOME LIFE (707011)
1000000005905;Viande Bovine
1000000005912;Viande Ovine
6130732003414;Vichy BENHAROUNE 1L
6130093010335;Vichy IFRI 0.33L
6130093060644;Vichy IFRI 1L
6130234003615;Vichy LALLA KHEDIDJA 1L
6130234003622;Vichy LALLA KHEDIDJA x6
6130632000049;Vinaigre CASBAH 75cl
6132207900099;Vinaigre EL WISSAME 50ml
6132207900129;Vinaigre EL WISSAME 50cl
6130458000445;Vinaigre NASSAH 400ml
6130458000421;Vinaigre NASSEH 720ml
6132097200088;Vinaigre NOUAR 64cl
6135031000010;Vinaigre SAICO Pomme 25cl
6130214300987;Vinaigre SIDNA Blanc 70cl
6130214300642;Vinaigre SIDNA Rouge 70cl
6135206001811;Vinaigre STAR 700ml
6132538970044;Vinaigre TABA 750cl
769503730004;Vinaigre Blanc Nature LE TIGRE BLANC Nettoyant 1L
769503730059;Vinaigre Blanc Parfumé LE TIGRE BLANC Nettoyant 1L
6132519800247;Vinaigre De Pomme CERFA 250ml
6135293000278;Vinaigre De Pomme CERFA 370ml
6134731000603;Vinaigre De Pomme ELKOLLA 500ml
6135206002337;Vinaigrette STAR 500g
6130760007132;Yaourt SOUMMAM Greek 100g
6130760003011;Yaourt ACTI+
6130760002915;Yaourt Aladin
6130760001482;Yaourt BNINA
6130760000256;Yaourt CEREALO
6130760002595;Yaourt DIALNA Mini
6130760002359;Yaourt DIALNA 100g
6132417700137;Yaourt EL-ASSIL 1L
6130760000836;Yaourt FORT
6134180220652;Yaourt GOYA 125g
6130760002533;Yaourt JNINA
6130760004070;Yaourt Lait Fraise
6130760000102;Yaourt Nature SOUMMAM
6130760000515;Yaourt PATISSIERS Tarte Au Fraise
6130760002809;Yaourt Petit Suisse Nature
6130760002526;Yaourt SOUMMAM Banakouta
6130760001598;Yaourt Au Fruits Bicouche SOUMMAM
6130760001505;Yaourt Brassé SOUMMAM Mamzoudj
6130760000171;Yaourt Flan SOUMMAM - Caramel
6130760005541;Yaourt Flan SOUMMAM - Chocolat
6130760000867;Yaourt Light SOUMMAM
6134614000225;Yaourt À Boire CHIHA 1L
1000000000498;Yaourt À Boire CHIHA 33cl
6130760003615;Yaourt À Boire ALADIN
6130760003547;Yaourt À Boire ALADIN Fraise 100g
6130760006746;Yaourt À Boire Céréalo SOUMMAM 1L
6130760006135;Yaourt À Boire J'NINA Fraise 500g
6130760004100;Yaourt À Boire JNINA 170g
6130760004919;Yaourt À Boire JNINA 1L
6130760006333;Yaourt À Boire JNINA Fruits 500g
6130760003196;Yaourt À Boire PATISSIERS Tarte Au Fraise 1kg
6130760005992;Yaourt À Boire PATISSIERS Tarte Au Fraise 500g
6130760006395;Yaourt À Boire YAGO 0.5kg
6130760004360;Yaourt À Boire YAGO 170g
6130760004353;Yaourt À Boire YAGO 1L
1000000037296;Plaque Chauffante 60cm Encastrable (GK-PF2C6E-FFD-I)
1000000037296;Plaque Chauffante 60cm Encastrable (GK-PF2C6E-FFD-I)
1000000037302;Chauffe Bain 12L Metal Panel (GN-CBH12D-I)
1000000037760;Chauffe Bain ENIEM 10L GN E24 Avec Détecteur (287 890)
1000000027259;Chauffe Bain GEANT (GN-CBH140 10L)
1000000026597;Chauffe Bain JUNKER 05L
1000000026580;Chauffe Bain JUNKER 11L (W11-2 P23)
1000000026306;Chauffe Bain MIDEA 10L (JSD20)
1000000026245;Chauffe Bain MIDEA 6L
1000000032260;Chauffe Bain SONARIC 12L Avec Détecteur CO2 (23477.15)
1000000032277;Chauffe Bain SONARIC Avec Détecteur CO2 6L
6132500510469;Chawarma De Poulet FROM
745114926081;Cheddar HOLLANDA
6132507370080;Cheddar Boudin VITE FAIT 230g
6134180220508;Cherbat GOYA En Carton 1L
6134614000379;Cherbette CHIHIA 1L
6130760002694;Cherbette SOUMMAM Laymouna 1L
6134673002154;Chiffon FABRO Spéciale Vitre
6135314000072;Chiffon De Tissu En Rouleau MB TEXTIL Quick x20P
6133871000214;Chiffon De Tissu En Rouleau PRIMA CLEAN x20P
6134598004981;Chiffon Microfibre LIFE Double Face 30x30cm
6132198500117;Chiffon Microfibre MAXIN CLEAR Spécial Vitre
6130063402184;Chiffon Microfibre PRIMA CLEAN Multi Usage
6134866013714;Chiffon Microfibre STAR BROSS Spécial Vitre
6136245000049;Chips - vrac
6132263900033;Chips 21g
6136044000059;Chips 6g
6132263900026;Chips FOX-ONE 12g
6132263900255;Chips FOX-ONE 24g
6135465000105;Chips LUX - vrac
6130336002974;Chips MAHBOUL FRITOS 100g
6134460002909;Chips MIXO - vrac
9557062321396;Chips POTATO 45g
9557062361187;Chips POTATO MISTER 100g
6135199000402;Chips SILVERS Fromage 160g
6135199000686;Chips SILVERS 45g
6135199000525;Chips SILVERS Barbecue 75g
6130201379620;Chips TIMO 10g
6134966000034;Chips TIMO 8g
6136245000056;Chips Cornet BBQ - vrac
1000000041019;Chips Feuilles - vrac
6133414008981;Chocolat MOMENT Les Croquants Noisette Et Raisin 145g
6133414007045;Chocolat MOMENT Tablette Raisin Éclats De Noisettes
40111216;Chocolat BOUNTY Barre 57g
6133414012216;Chocolat MAGMA Barre 37g
6133414010175;Chocolat MOMENT Barre Blanc Praline Et Éclats De Noisettes
1000000024074;Chocolat MOMENT Barre Caramel + Éclats De Biscuit
6133414013640;Chocolat MOMENT Dubai
1000000033403;Chocolat MOMENT Raisin Éclats De Noisettes
6133414010373;Chocolat MOMENT Barre LE DORE
6133414012872;Chocolat MOMENT Barre Evasion
6133414008967;Chocolat MOMENT Les Croquants
1000000022933;Chocolat MOMENT À La Crème Et Aux Éclats De Biscuit
6132528420184;Chocolat RICE CAKE 60g
6132528420207;Chocolat RICE CAKE PM
6132528420177;Chocolat RICE CAKE Big Family 120g
6134845006393;Chocolat SWAREEN
5000159459228;Chocolat TWIX PF
6133414012155;Chocolat Tablette MAGMA 90g
6133414008837;Chocolat Au Lait HAPPY x30
6133414011714;Chocolat Barette MAXON GOLD 37g
6133414012193;Chocolat Barre MAGMA 37g
6131680000081;Chocolat Glaçage DADA 500g
6132131100039;Chocolat Glaçage EL WEJDENE 250g
1000000013023;Chocolat Glaçage Au Lait 500g
6130234007798;Chocolat Poudre MATINA Sachet 300g
6130206200059;Chocolat Poudre NOVA 300g
6130206200042;Chocolat Poudre NOVA 500g
6008155003673;Chocolat Poudre TWISCO 300g
6008155010350;Chocolat Poudre TWISCO 500g
6130014080119;Chocolat Tablette AMBASSADEUR Noir
6130727000015;Chocolat Tablette CHOCOMI
6133414010359;Chocolat Tablette Éclats De Feuillantine
6130014080010;Chocolat Tablette EMBASSADEUR Blanc
6130014081604;Chocolat Tablette EXELLENCE
6133414012179;Chocolat Tablette MAGMA 90g
7622300850456;Chocolat Tablette MANDOLIN
6132516860060;Chocolat Tablette MARUDJA
6133414000824;Chocolat Tablette MAXON 100g
6133414003733;Chocolat Tablette MAXON Éclat De Cacahuètes 150g
6133414011684;Chocolat Tablette MAXON GOLD 95g
6133414001388;Chocolat Tablette MAXON Au Lait Et Amande 150g
7622210999368;Chocolat Tablette MILKA
6133414006963;Chocolat Tablette MOMENT Caramel Crème
6133414012834;Chocolat Tablette MOMENT Evasion
6133414010779;Chocolat Tablette MOMENT LE DORE 100g
6133414004051;Chocolat Tablette MOMENT Noisette
6132500980132;Chocolat Tablette NICE 100g
6132500981030;Chocolat Tablette NICE Noisette
6133414008462;Chocolat Tablette SOLTANA 100g
6131940000257;Chwingum En Sachet L'HABIB
1000000038699;Chicorée CITY ONE Pot 200g x6
1000000038705;Chicorée CITY ONE Pot 70g x12
6131988250003;Cigare AMINE
CCS1000000015812;Cigare AMINE x50 Mini
6133414010113;Cigare Fourré REGALO 57g
6134673000198;Cintre FABRO Gold 3 Pièces
6132502413126;Cirage NET SHOES 75ml Noir
6132502270774;Cirage PALC Crème 50ml
6132502270798;Cirage PALC Transparent 50ml
8690757702009;Cirage SILVER Vaporisé Noir 200ml
6132472500017;Cirage VENUS Liquide 75ml
1000000024753;Cirage Avec Brosse
6251592992950;Ciseau VERTEX (VS001)
9251592992943;Ciseau VERTEX (VS0802)
6935023170659;Ciseaux Scolaires TECHNO (7065)
6132312400033;Citron MAGISTRAL Assaisonnement 200ml
1000000041293;Citron Mariné - vrac
6130760006692;Citronnade SOUMMAM En Carton 1L
6130834001172;Citronnade TREFLE
6130449064005;Classeur 4 Anneaux CONVERSE
703625650871;Classeur À 4 Anneaux A4 TECHNO (5087)
1000000015164;Climatiseur ALPHA 18K (CS18-AL54T3)
1000000015171;Climatiseur ALPHA Inverter 12BTU (CS12-AL44T3)
1000000030532;Climatiseur BRANDT Tropical 12000 BTU
1000000030389;Climatiseur BRANDT Tropical 9000 BTU
1000000018097;Climatiseur CONDOR 12000 BTU T3 (CS12-AL44T3)
1000000018103;Climatiseur CONDOR 18000 BTU (CS18-AL54 T3-0)
1000000037531;Climatiseur ENIEM 12000 BTU Inverter T3 (287 875)
1000000037524;Climatiseur ENIEM 18000 BTU Inverter T3 (287 970)
1000000032239;Climatiseur ENIEM Split 9000 BTU
1000000017298;Climatiseur GEANT 12000 BTU Tropical Inverter (GN-MCS12)
1000000017304;Climatiseur GEANT 18000 BTU Tropical Inverter (GN-MCS18)
1000000017311;Climatiseur GEANT 24000 BTU Tropical Inverter (GN-MCS 24)
1000000018110;Climatiseur GEANT 9000 BTU Tropical Inverter (GN-MCS09)
1000000030365;Climatiseur MAXWELL 18000 BTU Tropical
1000000014358;Climatiseur MAXWELL 24000 BTU Tropical (Mx-24CH/T)
1000000018080;Climatiseur MIDEA Inverter 12000 BTU (MSA G11-12HRDNA1-QC0 DC FULL)
1000000018141;Climatiseur MIDEA Inverter 24000 BTU
1000000015287;Climatiseur MIDEA (MSAGC-18HRN1 R410)
1000000038828;Climatiseur TCL Split 18000 BTU Inverter Tropical (TAC-18CHSA/XA73I)
1000000038811;Climatiseur TCL Split 12000 BTU Inverter Tropical (TAC-12CHSA/XA73I)
1000000030372;Climatiseur TCL 12000 BTU Tropical
1000000030525;Climatiseur TCL 18000 BTU Tropical
1000000026061;Cloche À Gâteau 3096
1000000025682;Cocotte Minute BBF 4
1000000026191;Cocotte Minute BBF 8-DJ
1000000026207;Cocotte Minute BBF BC-26
1000000026481;Cocotte Minute BE22
6132369500168;Cocktail De Fruits DELICE 425g
6139990001118;Cocktail De Fruits VEGA 425g
6935023149006;Colle Forte Super Glue TECHNO (4900)
6936596902135;Colle Stick 15g MINGYUAN (MY2218)
6935023158718;Colle Stick 15g TECHNO (5871)
6935023158756;Colle Stick 21g TECHNO (5875)
6935023169127;Colle Stick 21g TECHNO (6912)
6936596902128;Colle Stick 8g MINGYUAN (MY2208)
6935023158749;Colle Stick 8g TECHNO (5874)
6975276141990;Colle Stick 8g VERSAL (VR113013)
6134283000205;Colle Stick 9g RODESS (C864)
8698548934295;Colle Universelle TECHNO 17g (5237)
6958668746881;Compas LM 2506
6935023169035;Compas TECHNO (6903)
6935023153256;Compas TECHNO (5325)
6935023176361;Compas Ecolier À Gague TECHNO (7636)
6935023172813;Compas À Bague Nippy TECHNO (7281)
6130384001325;Confiture CAB Abricot 900g
6130384000571;Confiture CAB Abricot 425g
6130876000034;Confiture CARM Abricot 800g
6134577000201;Confiture CARM Figue 390g
6130876000010;Confiture CARM Figue 800g
6130365000255;Confiture DELICE Fraise 400g
6131766002404;Confiture FOUARA Abricot 400g
6131410000053;Confiture ITHRI Abricot 800g
6132502220168;Confiture LATINA Figues 380g
6130234006753;Confiture MATINA Abricot 440g
6130234006777;Confiture MATINA Fraise 440g
6130234006678;Confiture MATINA Figues 530g
6130234006579;Confiture MATINA Abricot 280g
6132173900017;Confiture MENAA Figues 400g
6132457700098;Confiture NGAOUS Abricot 800g
6132457700074;Confiture NGAOUS Abricot 400g
6133464000126;Confiture OULHASSA Figues 400g
6130479000370;Confiture SACA Figues 400g
6130098001444;Confiture SICAM Abricot 400g
6130098021442;Confiture SICAM Abricot 800g
6133212000088;Confiture TELLOISE 400g
6133212000071;Confiture TELLOISE Abricot 800g
6133212000477;Confiture TELLOISE Fraise 400g
6133212000125;Confiture TELLOISE Pomme 400g
6130294000166;Confiture TRISTAR Abricot 400g
1000000038088;Confiture VIZYON Abricot 250g
1000000038095;Confiture VIZYON Abricot 380g
1000000038101;Confiture VIZYON Cerise 250g
1000000038118;Confiture VIZYON Cerise 380g
1000000038125;Confiture VIZYON Fraise 250g
1000000038132;Confiture VIZYON Fraise 380g
6133991000699;Confiture ZIMBA Abricot 800g
6132173900024;Confiture Figue MENAA 800g
1000000030433;Congélateur ARCODYM Gris 320L
1000000026382;Congélateur BEKO Vertical
1000000014808;Congélateur CONDOR CFH T13GM03
1000000015355;Congélateur CONDOR CFH-T13M03 102L
1000000030129;Congélateur ENIEM 220 FP S025 Vertical Avec Tiroirs (208 783)
1000000030136;Congélateur ENIEM Bahut 1301/350L Blanc MM (205 202)
1000000015744;Congélateur ENIEM Bahut CF1686 468L GM (205 196)
